-1.1190703941943563,0.5689039293148908,-1.250517778027888,-1.138646651821102,0.15161451651479602,0.452698576118031,-0.8822758157173392,1.963765185313996,0.40470285686947116,-0.2668343797935647,0.7047384358243716,-0.6849925686578672,-0.7155090350661775,1.2619156866350996,0.532721969994791,-0.7490822501868903,1.199569212192454,-0.48572321664083645,-0.30227789225760066,-1.9317531219614625,0.9025491786971533,1.485431163513073,0.5140475666118163,0.9185546613921917,-1.7418293937420772,1.282575754791315,-0.037760738176127524,-3.7759197837105987,1.2134986803059642,-1.5041243237300252,0.7316537766950975,-1.0981315780120566,0.17974560342812818,-0.007254532686623181,0.7086893069403328,0.11460307448087,0.9592199107469599,0.3484786553165847,-0.42035167448705846,-0.6822667546708227,-1.019371447096962,-0.06123648340105999,0.6247066676702154,0.33923526884851346,-0.12472614212945655,0.19622160749706288,-1.1050732590901062,-1.2026741179942682,1.3025590198910637,1.675182841753803
1.2975091637129141,-0.5103997789605231,-0.44430743142302154,-1.2206373938940591,-0.18440390346561547,0.14046123729307813,0.022565003305711383,0.04865137168760604,0.5992006579670796,-0.9124460626394196,0.1145682584475629,-0.8506777724535793,-1.4841047379333425,1.312188715364445,-0.5435627902371584,0.6670210172458155,-0.8024661541184742,-0.060257419534227565,2.3656063369056266,1.0528844846891596,-0.9144187774228415,-0.8959675563897915,-0.5387247868683166,0.2959416981986246,0.7423368708328961,0.3450022186670556,-0.8149265989342417,0.7796677217636709,-2.563252973899595,-1.3558552407699311,0.1818900446781536,-0.5047636644364877,1.4363451373956568,1.4008977941934986,-0.3007028082400863,0.6023694682593109,0.8551239339639364,0.5406196285617013,0.11020746985180152,1.0271180353399199,0.99613083195828,1.5520729804526983,-1.4535594853033063,1.0287705108375162,0.042342656910561535,-0.17268967574019106,0.028359855197379154,-0.32538795560619443,0.8685521025309976,-0.652237150025632
0.4736813190084895,0.08455052788327518,-1.2511736395657496,-0.6877079691327044,-0.3520220160527962,-0.7363891057293159,0.06948906023600077,-0.8891506055762736,-1.7166811381253286,-0.7013226077625999,1.0342409992503023,0.7198774197646561,1.2026257564196046,-0.8513998078114011,0.43160949348865935,-0.2527392536601774,1.5636811136540116,-0.046327653100873764,0.0325504168255615,-1.8473035301611715,-1.2640788289923923,0.3867104288555663,0.2807890009778767,-0.49482257575366617,0.25556185907991696,-0.41189753089170844,-0.03806985685278019,0.3855344326252828,0.8271986419226527,0.3462343811109036,1.3065657183574964,-0.0642718515227184,0.07113806168527155,-0.22253679529720244,0.823696115078958,-1.5859006859649907,-0.11122876966219261,-0.667484415164454,0.5773244719093424,-1.423235579723545,-1.2325019955881868,-0.9931370902711409,0.431128000937363,-0.9046455179601183,-0.3520638015403294,0.7238251960348862,0.07672611053332934,-0.4865878238264332,0.6774998673073409,1.571446325928239
1.7215176700970254,-1.5386089272704353,-0.5070455318571752,1.7464961696540438,1.8708555297039098,1.5562010211798394,0.7447519553362123,-1.778758858023662,-1.5757096678144895,-0.844164003510805,-0.2842985276956815,-0.6903367139522008,0.6178535095136601,1.0728084565583138,0.5165569467110344,-1.4974122256592826,-1.47940918052493,1.4317598262317746,0.016141665167751,-0.3923749030760843,1.7968813701406037,0.8330112183437258,-0.2606949774850839,0.20467203774647819,0.3679693082653343,-0.36342707841743793,2.819449604448168,0.5759567773439563,-0.48674646466727184,-0.3613143479534986,-1.2904525097601558,0.22224753757387708,0.2788616860385435,-0.16335735027945755,-0.7649690713618624,0.3500812256221673,-1.4244686000148354,-2.4677923979266954,1.5255903903105863,1.9334552939327967,-0.8214552864491473,0.7740586098400051,1.0383334802639814,-0.8803414748177733,0.10032808431485804,-0.677110094950179,-0.6726175155400131,0.7434582332793358,1.2674636420780905,-1.4841128265123298
1.8144028908317702,-0.48542310259841454,-0.9272748052709221,-2.509733871600498,-1.039353938773352,-0.43893374380303635,-0.7018101867138127,-1.6426433917672032,1.2475749630966133,-0.9903455253104974,0.3463304446725302,-1.1809568163888828,-0.6984262393785156,0.028407629480447737,-1.1969532806862595,0.2936861281002376,1.0898969214240022,-0.0805393868347774,0.4767840120898272,-0.1414242001302192,-0.41672853024737033,0.3091776681722837,1.7278112218137485,-0.6149066910221144,-0.37989937595483786,1.601136489653179,-1.093623429584677,0.046225193893467374,0.008155209364821269,-1.2196691088498848,0.2327998821548966,-1.578764922499327,-0.14341995279295044,-0.06294120471236851,0.46936966740828845,-1.2208628872536245,1.0580294626655502,-0.36940323804356645,0.25324772195603845,1.68221106161112,2.543573146343915,-0.3347342098802914,0.11996211627291328,2.144843041097459,-1.240325861403978,-1.5028633408780172,0.6067730866447604,-1.3526498768300528,-0.7294902420915228,-1.7972408129106943
-0.6282533070619399,1.3060861732011095,-0.1560100298045153,1.5931991550857234,-1.2917802760039905,1.5779528502137563,0.6105629529371489,0.24593340436503305,-0.5201992572534394,-0.5467009830421444,-0.29004302397049875,0.8694113514761443,0.46805178766789857,0.07450692120512865,1.001341781485099,1.4464575585390411,-1.682486914389709,-0.5949179675934438,0.4861927568634037,-0.9385520760453188,-0.7983156186317808,-1.5236330329902983,-1.3319050576257323,2.5993490009359976,1.1218650458315929,0.4037048045569963,0.36485416687413974,-0.2766985192174354,-0.9703875760133335,0.5576993609013137,-0.8253735863099312,1.7744997883416997,-0.3387040540381968,-0.8303593132597585,-1.4757393608063367,1.5729807177762634,-0.2500261750003949,0.09959598339171857,0.012531219911641097,0.12876959980889474,1.4847624839994542,-2.232919086844073,0.5661303448975056,-0.16052453282112597,0.14114986038534647,-0.8131996305610953,0.8274649555514889,1.067562014459705,-0.7842061400265312,0.3412644617171394
0.05406444329979427,0.4662932983156194,-0.23956094592878902,-2.3067404198310917,-0.8815621165064882,-1.44372069352557,0.11458984536011234,0.436193237527124,-1.0196265152658261,0.3432423549058417,-1.067102936874271,0.4511397628154295,0.08649337597584758,-0.096847845495002,0.041459371483760714,-1.0614877431385077,1.1906873997350944,0.19869117551849091,-1.2967057040529846,-1.6808824751964286,-0.7117835283685833,0.7853183822396547,1.3354825761343743,0.16905927969407966,0.07598149716711211,-0.3956677181491243,0.4273052962807039,0.6042939219230344,0.23515255199671123,0.4000803259233071,0.6288353001316656,0.7432477772384702,1.1055701472567347,-0.10743686831743152,-1.799764504645822,-0.3780016687610665,1.9029346600378778,0.06723728999585375,1.3071358772100217,1.507421237061024,-0.3824166349911999,-1.1981768785388673,0.09232364991000147,2.2634806420403697,0.7472130799929755,-0.6008751005028213,-0.11742165590963502,0.748490638635124,0.3713846805989068,0.1587253195597775
-0.7390911958420455,-0.21572431135999764,0.1486988654643771,0.5580405414485337,1.1507818401910066,-0.46453079347822446,-0.5475550034199492,-0.8080002215309121,-1.2505934278092208,-0.14094155565453706,-0.5865642679666716,0.4626642715266486,0.35192186129328706,-2.248896301782547,-1.324977009632385,1.154746134521852,-0.9603127036036846,-0.2963848233225925,-0.2826141478323276,-1.4450209049760456,0.507027218211417,0.2340199334530581,0.3710931602703139,0.4168410116576932,-0.37738559294879204,0.8139326082847391,-0.8561599368437464,0.769019278724469,-0.8826514886012602,1.995455833385305,1.2431364885699923,0.913462860491903,0.059209913842197315,-1.1628882098067603,-0.36537529610198005,-0.5574560023108771,0.013403330594331889,-0.21575092435293092,-1.6198622890946146,0.820692002616109,-1.3608614622481892,-1.3891591849063059,-0.1687979501213171,0.18823795464008608,-1.5709841782329228,0.1727136743920853,0.5813249880437342,-0.8746737455071331,-0.7005413357773707,2.4477903313228193
-0.45945947955394023,-0.40804474788518835,0.38590407952690386,2.6138343040387166,-1.3893003017323355,0.702501476702568,-0.43247645541016133,-0.17421431071949334,-1.4648453588544397,-0.8093338694216322,-0.38974031684480265,-0.01782775143057151,0.7291762620082742,0.15618774616845146,0.5268310771882908,-2.2212200759877136,2.2746343466263603,-0.026960244686619433,0.4645541302211117,0.0884197867495329,-1.309061022368444,-0.3130554192807935,2.0852427723910796,2.009701363165556,-0.3394278135582001,0.23564074279006664,-0.22462812855656905,-0.7735205360238482,0.24095806916675025,1.5386799789448304,0.2773106233973307,-0.6126593224761837,0.4341811024296073,0.9538752294438624,-0.420185943425126,1.2207155002801044,-0.7411571992811644,-0.3368700979960875,0.5185008304849816,-0.4625019143625675,-0.21021046652678865,-0.252865799820535,-1.0807041730884241,1.340577202970538,0.6086208839533146,-1.1666645739161121,1.5980191391842482,0.19904626553615937,-0.05201035810592051,0.5672692136945103
-1.3821531684284794,1.1174526437661658,0.6353351285349399,-0.11834725678230076,0.3980476324825855,0.16629400888510376,0.0583843227264973,0.333401871897012,-0.050064084663902345,0.29871870385013843,0.9746066385009245,0.8360056960028519,-1.3241398399414472,-1.4441851455887542,-0.42997669623302087,0.008348982574672027,-0.9088696379852924,-1.1803725902580555,0.9592474200116349,0.917495858323746,0.44097853966442074,-0.20013194839255913,-0.32791111642792303,-0.909563716882649,-0.09340903460797906,-0.3030648286392478,-1.637923228842362,0.8329843832089179,-0.1424401128823334,-0.5283294648925285,1.5335428107199045,0.4806072342113438,-0.09263392506614113,0.1419382456082061,-1.7591513868660882,-0.9894245012641126,-0.222723714214549,-2.0741284581326007,-1.596661913718672,0.8098711493507013,-0.10853262230273217,0.9405060195831594,-0.7451707899774734,-0.8032010295846618,0.6662998580055298,1.567008301901946,-1.9831695559415492,0.8941882837337211,1.0508856614722908,0.053950489875837504
-0.22167663960891018,0.9033423332010541,-0.23872839015828368,-1.3746385938294432,-0.9817914784600268,-1.5570951892964984,0.6134407753375251,1.0256362271877513,-0.14392138489772305,-0.27441262683573464,0.5679893154105624,-2.580374787014524,-1.8459738417266118,0.021284667488778004,1.6335208215995738,-0.16404194560955268,-0.20907436507519858,-0.9821233558780391,-0.31049744380632993,0.4590480957517453,-1.3392220399764327,0.10179032510306368,0.19760626908291823,-0.29078726297767216,0.6156963244121055,-0.7191655258306751,1.0007278039297778,-0.8420718650663077,1.7358235667847923,-1.5826979041748308,0.21014986364617774,-0.0978423541560904,-1.2723140563931852,-2.034422042473231,0.7198150801191466,2.185895204825098,-0.6182650288886699,-0.007238950936544999,0.744746533408174,0.8337540499722068,-0.8777967590324013,0.90282530023018,-0.6651514061986781,-0.6336112270805407,0.40724294633146335,-1.3844514899202494,-0.21844761236097415,1.3779570843881368,-0.5031796940119393,0.9389067936661541
1.392554650302184,-1.0922530187951984,-0.7008713920322405,0.09290257109238907,-1.151005677180972,0.4783588642449656,-1.5383603263968137,-0.6123835922378673,0.6132431444193547,-0.040051240077489725,2.808988524376241,-1.1739527911524306,-0.6296022833122148,0.5489978802923291,1.136370195518512,4.029974891758668,-1.5633419548338414,-0.3543773451678291,-1.058476636765086,0.17170687585932284,0.39379250057243703,0.5904035768643243,0.22681734513564825,1.975759636111595,-2.1028866433869964,-0.6397264148032074,-0.8677890916183302,0.7331951536052472,-0.466279550790794,-0.1599016906040738,-0.19879068792468024,-0.33864064161748486,0.7560399044121145,-0.9598365460002214,-0.8301332245918401,0.2696954199663975,0.7909235650376825,1.0983307838224017,-0.6645071538318801,-0.3595832236340867,-0.18531383603104654,-0.1377554274651868,-1.5353302566182034,-0.18425727599078076,0.6443104124075782,1.4585030889465211,-1.1779334548202687,-1.207919491778562,1.0513099856807757,0.13687560831527837
0.7894748600089321,-0.8312781526583208,0.6737478279772652,-1.4548273568039978,0.7048272238498013,-0.011438065705258382,1.0981991188816866,-0.2889920260791878,0.20298539398312496,1.3001471108183034,-0.8399310767959166,-0.727016292566358,0.19526389237606756,0.7144795041742974,-0.2090960576117597,-1.9096451322702426,-1.013020336449143,-2.3353267197442267,-0.3724020070661931,1.3017266769239353,0.2601960214303465,0.2329159775130298,1.2039160136204956,0.07245708976758675,-1.0560450662892265,1.4104148691305063,0.7247662092741285,0.41959179576811506,2.449313278345513,-0.38486419156583335,-0.020118814332406903,-0.9990371165615255,-0.9810113655950268,0.4205096394176774,-1.3636245879658675,-0.4538203669254693,0.48282184962497204,-1.6831439618312594,0.28064835891340034,-0.45019376907973063,-0.45137201194143506,-0.6378922016666043,0.8959257741176417,0.9504814131786148,-0.527580669559688,0.3783383535318337,0.22167128585326668,0.26097664499162054,-0.16527998162013863,1.3671807207154365
-0.015460522596386667,-1.1440682855339752,-0.053344166560861814,-0.05727245625943397,-0.35492218270045817,-2.3996395559148715,0.4205182820923676,-0.004648082233431105,1.3110575285352657,0.214462504158493,2.1191434617959874,2.106052382596227,-0.3160741661569268,1.29552931238749,0.18695808368788522,-0.5492117660284618,-0.8559933082105913,-0.259014761825883,-0.971090031524638,-1.1590656258669352,0.5347357635133766,-1.0614251756335433,-1.143349957904815,0.38425852228401575,-0.2412729159818395,1.8098480718804333,-0.9997735683625532,-0.24146328833289224,-0.010692486179652393,-0.6827819034166818,0.3114435606939075,-0.5310132528449444,0.34582391974699483,0.3782152166513274,0.9295438213278558,1.3659082880377535,-0.6600878230899858,0.5540564154948247,-0.27840245080723197,1.6521573983828886,-1.6881628845166674,-1.3609717269194328,0.752333682531609,-0.2006864813388574,-1.075912792468478,-0.7877330278889276,0.08797504029174834,-0.8463304882864594,0.09861974042017843,0.6668716517103719
0.29724167042676913,0.8339469931776438,-1.0449492946225951,-0.3161143353163598,-1.5002955779764942,-0.7121685465336625,1.0932381414113665,-0.3571185219689854,-0.40932235620758606,0.6339739491880996,-0.6642328806143333,-0.30677569575204405,-0.6794793270338705,0.49908514415026595,-0.746569546632515,-0.10942851528439403,0.9046082999702922,-1.1402654638351992,-1.7941051303112412,-0.776612999043346,-2.822031793047016,0.689896920886762,-1.1605616852457077,0.5890626691373306,1.7225729348375287,-0.32727443787498667,1.1701601385132347,1.0422059938680464,1.6914276558991082,1.0632142328568974,0.7991717194294478,0.873390040567523,0.5706243721051104,0.9799891522898962,1.3441824756741743,0.7672029144930423,-1.2371935781313197,-0.45246460368272706,-0.14846810086741907,0.744800777687834,-0.6473053107270331,-1.6732162664288703,0.45466947874227076,-0.9308442256514018,0.5944076632738218,0.3592283903598761,0.8460621547580407,1.4403484673960314,0.31542047385373023,-0.7660819973882584
0.3996356264143405,-0.2411616720142285,-0.03055743955746228,-0.4225776950573909,1.5879137510916164,1.2010747417645904,0.5308884689636875,-0.10629050835502825,-0.17920764081994192,-3.109398161713012,-1.0632588019905291,2.0121421387022953,1.6995080182194253,-0.8254938232610276,2.6742346649824094,-1.6365915125714667,-0.9015621436144947,0.1503719496010094,1.8153879364243712,-1.5286243583312455,0.3491513960158347,-0.027010110225174737,0.15182864680546537,1.1427280903765387,-0.8257190049215238,0.6228757149575376,1.2029274842391244,-0.21018611562136785,0.2941880227059872,0.09388705848753494,1.0489761736023935,-0.32294396359970595,0.33575032802381993,-0.6805054388649141,0.7918118006827743,-0.408185354247831,0.35390553285457804,0.6560683392226357,-0.16154073360861543,1.0171885122383786,-0.9652160110109634,1.264984875361832,0.3071301495203472,0.5824333485839155,0.34347926313588917,-1.0663615361528411,-0.23906111886157483,-1.2800887348583603,0.2585334418221125,-0.9501839084475329
-0.8219147769080951,-0.49733499142072957,-0.20552499828593604,-0.4276835733969447,-0.3472112246321835,0.9807857373462189,0.45757968140151273,-1.1188690741666762,0.07434409229495635,-0.988483549796776,0.3347488114930471,-0.686411233483869,-0.25372779424645026,-0.6333133466294797,0.9492033651090218,-0.41421091193451126,-0.26238043627916313,-0.13578095671995746,0.5798854872074521,0.6690245290390018,-1.9931945059316456,-1.558465491760425,0.7326562070669905,0.004894720705219894,-0.03462044413239982,0.12404335677837645,1.2085892897731942,1.2751144151404183,0.2968324925552683,-0.09133299603884178,-0.03725670035884596,0.16993247271532172,0.09585741345704127,0.734755941581646,0.11873515191522638,0.3194081582587646,0.7338055220497914,-0.9641504426795847,1.6654262226079848,-0.12032184251417219,0.12207395474247051,-0.5436567245848587,0.6222161831110444,1.8471665873978766,-0.8471377035002042,0.23001894329335987,0.6473714066161217,0.6692674114149182,-1.2128869019448885,-2.7637528858126235
-0.5203780471105718,1.0266215093209445,-0.9552493663882771,0.842654144492293,0.5052083055221542,0.6089961498210039,-1.3475091081557518,0.6105386412954932,-0.39486603091517747,-2.4392508262313606,0.36240343681426485,-0.07745838866024549,0.34278210836843753,-1.3120182460285608,-2.1263313650083364,0.11643868607031838,-0.838666085529877,0.16224145667709766,0.41590850630433684,-1.4416801710619993,0.1644056511568482,-0.8833506161326276,-0.15362550167235575,1.7906397433261525,-1.506975663927601,1.6586247631444655,-0.6088445199589629,-0.028102206613633805,2.7765427305802826,-1.7139549621288659,-1.82604787694939,2.0473087799394416,0.5507310992136254,-0.41604742917875237,-1.297932788702792,-0.7384600939605164,-0.01993007379055008,-0.6214557444165846,1.6336176271333016,-1.6728133491976684,-1.3999983010170425,-0.18430453140080885,0.6018309682426908,0.38767508784738475,-0.47788612060426033,-2.1702626303934363,-2.0983493461909264,0.7768747455268205,1.20576827483761,-0.5895424924452732
-0.8212090656151692,-0.07823242613352419,0.22545120809913072,0.10215956826613602,-0.48002766890924153,0.05282752961787985,-0.8772981348254162,0.8253325333676814,0.6097360729343236,-0.9890156439965717,0.22767245772017353,2.1012162084539066,-0.8008986549906092,1.225381229657998,0.5663333640590597,-1.444474394993566,0.11047363197679705,1.6757058901076571,-1.3348847560506318,0.8060266008009072,-3.0146678205794153,0.8415186871441193,-0.6618425390249292,-0.18045207933690469,1.4236869661318778,0.5449698166453548,-1.0623079197266325,-2.022384941305307,0.6825498829270912,1.4937607335021152,0.4971021857967927,-0.9513069692066907,-0.09345576024143336,-0.23653416126809398,-2.5880289348474292,-0.2658206931758534,-0.07988644018122705,0.8771148787075942,0.10960129922600972,-1.88686797116505,1.895293629998814,0.8296266041599747,0.027077822466364292,-2.0933341186402816,0.4869187715332543,-0.3738888928317784,0.7321963244076631,-0.8332439246653905,0.35225414684610284,-0.40137549200402795
-0.5086649586867581,-0.3047742846023657,-0.9050081388374297,0.20508829212827456,0.5974709166311516,0.7258150991544657,0.16572048093011205,-0.058103432769453366,0.4106366876017182,0.4637966019223709,2.64524169248131,1.0383665113144342,-0.49678299120109487,0.9014246959143575,1.3461075761636618,-0.9465511592734313,1.8368146133315242,0.8129365719559685,1.0286811251660892,1.406160279162148,-0.6918510440378803,-1.3589515437272508,0.6031633047821028,0.6135271808250584,1.097993557888252,-1.395836768919322,-0.204604046141119,-0.6049355652218189,0.9424801470137787,-0.2724026868844528,1.565410348790178,-1.1500413822359616,-0.992766059127445,0.3045419569603079,0.27449033616951224,-0.31934254090484526,-1.3296016888058055,-1.0134801686994432,-1.3792610059303716,-0.8911678651211219,-1.4001785468680443,-0.00398936432250391,0.7909925810732368,-0.88281587334911,-1.1766688740790843,-0.5007015309249143,-0.9158524587564078,-0.9155443249979408,-0.0502377054146543,-0.576793735103961
1.3827257571592018,-1.2737935276303756,1.5133081445981134,0.20842322596615076,0.9922477191796149,-0.4041833909223507,-1.581644647744139,-1.2247262080475143,-1.3919931467135578,-0.21125660412675265,-0.20420259683974035,0.08875613316296689,0.1909008905669242,0.10812270681944379,1.0384461199506583,0.3439226897238027,2.106706132811298,-0.3577208265440581,-0.3958070844610155,-0.087379936941613,-1.4516079409075182,0.14573276221872428,0.5912796833896506,1.0240994227586315,0.20069700525773704,0.3560949094362431,-0.6223227934650741,2.1055008801622805,0.5620095509980916,-0.23188529644992162,0.11921881835609605,0.1370769986204572,0.02244484010670297,0.855123910817599,-1.3480850284639216,-0.1147333658590852,1.34765943573662,-1.4274212258289585,-0.44772082016770803,-1.6405174786236436,0.7846893796928698,0.7350698449061313,-0.5418537649144809,-1.0298288974110557,-0.1706050852822838,0.6757520257099021,0.0073693445709789125,-1.1653115061496784,0.4840758416328472,0.4431865115782848
2.0067756560959285,-0.21512315766370943,0.11605699756113323,-1.1119652517621106,-0.05575026706529666,-0.871075852467091,0.6192405172919472,0.08521770327634208,-1.0832018043211094,-0.31320480034593023,-0.38371510003130627,0.3323436336016561,-1.0760789123327295,0.05341173048209506,1.2986901821657773,0.03518284105343748,-0.30805181013792454,-0.8657383457430915,-0.8010081705393759,-0.1858440103859617,1.4051677834449166,-1.7248200129581421,-0.6487198636526254,0.9599243221241157,0.7310000202562145,-0.7147529291980083,0.7445914650342842,0.28766602192707047,0.4466969314406744,-0.7398588650762877,0.7593542096488545,-0.9072173239070904,-0.8500716756784965,-0.8097832291743569,-1.1284722316606006,-0.19447779960636866,1.307933543094746,0.22862103084176116,0.3177545383604677,-0.5396468850172509,-1.04057327668814,0.29147397188170543,-0.42411102493323444,0.6935466234692899,0.5306007215562084,-1.0713197855956833,-1.0800457684364582,-0.6239220465752016,-1.4858938276158475,0.466490225970395
-0.39389910325399635,-2.3471758118659114,2.5563688510947364,-0.733795322000682,-0.40328513220911405,0.41459375131004406,0.754929859011432,0.39827803211380425,0.294820683023334,-1.9315234674941573,0.9990480076296404,0.27669648462678154,-2.089149725218747,1.100294406919678,0.8141080381640322,1.2031917260817164,1.5966674963179222,-0.41604442137825676,-0.9896516541205627,-1.2222056981359608,1.3372081175336221,0.6773730858834965,1.0463882478120077,1.0255322805056204,-0.03136963486285595,-1.3097898414093856,-0.09071253856369356,-1.64154578707971,0.7102136691117749,-0.6363650616172423,0.41486802956350954,-0.05145680674057562,-0.3744039064055625,-0.8789978543540026,0.3044275740923948,0.8529799093127644,-2.030116913541128,0.11918471800031398,-0.860055250996603,1.5003989434246017,-0.602699630272216,-0.7048344259818786,1.3159029090513232,0.08412217062727004,0.4313580483664708,-0.8247508887667478,1.9739866347287989,-0.6114573538127068,1.5140628053711422,-1.0728767316288752
0.42919463714296924,-0.7281554180635701,-0.1702389786312607,1.0369143849029168,-0.11282188322158829,-1.4364591159637679,-0.4521551958275482,-0.09760577283528339,1.3514399129349768,-0.14631730943133678,0.23243206156585797,0.6085295709794681,-0.6323123543236918,0.08909527205313214,0.279950378115992,0.7197758411553767,0.31393443783931974,-0.1090936747104114,0.29905778430174823,0.5601522198490742,-0.8853468901561726,0.9488882767713932,0.7562709100219733,-2.11394039068205,-1.3447811074319809,0.719457830956959,-1.9375009702578883,0.9041040443217211,0.08014313536902498,0.9341268910827527,0.20585374703028897,0.6394298756258555,-0.105846034583943,-0.113427185287476,-0.7534299463973652,0.34993966316586195,-0.6851464896814462,0.09567134887574202,-0.6793712476737199,1.1883190794267702,-0.04418560433739886,-1.7055587946688724,1.156275265929991,-0.331330220464875,0.8357596408369956,-0.338445716045845,-0.7914792166320169,0.9564224154137564,-0.5899535705848105,1.0341340314478418
-0.5051651300033037,-1.4054104002760157,-0.14919052600114122,-0.09922103062789785,0.4449798128079324,-0.5347692664329933,0.0340847443880645,-0.6323214517352841,-0.4359887723518735,1.337498433798471,1.739044355183342,-1.6430438828804204,0.3025848808260355,-0.20027532498884362,-0.37295807611630305,-1.1717488427411948,-0.6718879685119695,0.9939303428374598,-0.7410648453446034,0.7565957143010845,-0.7979938356714162,0.7635995779788718,0.43543547097836777,-0.5429452956871178,-0.673237025701809,-1.1605564291106356,-1.4518862698470856,1.4749385177570333,-0.33050695755726256,-0.6005221674064197,0.19462320929422172,-0.7265026107796908,-0.016054981829693785,1.1365185184522673,-1.8464512347497781,-1.6529218672334578,-0.17256825512685556,-0.07040083927100155,-0.4594915210429236,-0.3225133906632506,-1.2043077662400372,0.48595526826780167,0.7947962084935796,0.9975664758620907,-0.5254560602466745,0.1859428703905016,-1.4552901566855097,-0.1885256394845579,0.44598099444583494,0.33401081722617876
1.3264219429029995,0.46709263985001603,0.7280195527206164,-0.7425036576013204,-0.557746429634538,0.8457704766790005,-0.5689268172569562,-1.4923847727218806,0.827229688415606,0.17003161419745252,1.2507065861469981,0.7304433353050168,-1.0650660928026607,0.617850603066323,-0.002843521416589466,0.05976939827483652,1.8441431460000548,-0.3743908748189547,0.5693721178561499,0.5362047514792249,0.10618347042279419,-0.23362177467169132,-0.47184357235653457,2.2945478675178457,0.23519984256729903,0.041090701697615216,-0.825012816999008,0.9478960702670752,0.6334978442440875,-0.41243230969677963,0.2635452479295654,0.7654312460316055,-1.5996073904985089,-1.5709187940654235,0.7157783993950896,0.2080780766425513,0.9292341399413951,0.9152911025697238,1.853055203995875,-0.07320259661269754,-0.06030647593002696,-1.101176507360334,0.3876217970048511,1.1870606147518015,-0.8617303281185411,1.306359499644767,0.7960986207906007,0.9009244480305976,1.020870484087945,0.923108031798388
0.20186449860427316,0.595692828793809,0.20348648390270427,1.0627102256592758,-0.8147140903014238,-0.11703027742062978,-0.8129729187394787,1.7342224180837627,0.3189676237673872,0.39443705380529487,0.5566289455106824,-1.0126689912822542,-2.663285432986641,-0.6303131831505575,1.0842532755534917,-0.5984809864231249,-1.1763362021482127,0.7627396804703366,-0.37129146063558527,-0.6565691979127635,-0.3644594187972321,2.5425833373194306,-0.8903470712500572,-0.8531437858136369,0.32735079579769916,0.8427799834766624,0.016865809791291368,1.1108901136380696,1.3161946656314771,1.6070047877919165,-0.15850300447717908,-1.1385733619063998,-2.453499458269331,2.138545262506225,0.9639998541556667,-0.27405157581033673,-0.624952078633178,-1.2237830548082107,-0.28144462132013576,-0.7261900646096003,-0.25607377025959754,1.8338775342965061,-0.3050822976110198,-0.062124547150615266,-1.212199002637696,1.1726870484487657,-0.9692491010099371,0.15710405962934545,0.2622032901101118,-0.747658088296551
0.7921311991889807,-0.42623787764300264,1.3276600039099358,0.2742346251807308,1.3217476972152087,0.7452296875426688,0.32733396515530366,-1.3142594276843709,-0.32094405783266905,0.5044675072192463,0.2008535948178021,-0.03383574584486518,-0.6637963720159517,-0.7268879727199896,-0.9646984148056839,-1.0964912001646312,1.4662731959257946,1.0821165307335427,0.15562826523180334,-1.8426333190714486,-1.9210642899253014,0.5025570188273968,-0.3958272854816227,-0.19813364409052728,-1.1188374512480237,-0.7965403618143375,1.6318503703608218,-0.24443599720437906,-0.368826792740747,-1.1719269671382846,-0.22950651438914552,-1.4049158842570364,0.2114351192680429,1.102072146255995,0.4538479210709249,0.4420988879380812,-2.215865533490015,2.953425869983011,2.176157132346687,0.18648852899385945,0.30052562374630315,1.881899622418165,-0.48571314045024955,1.1471813851649784,-1.0415138580191015,1.1024444779582008,0.9333663629296484,-0.051680410677470416,0.938905072134056,1.011066938624753
-0.07739328983681007,0.9349513888099562,-0.99757829972098,2.348957507652548,0.2781123399115783,1.1515661295435915,-0.16111669837983833,0.00040741352280045123,-0.5281961703165671,0.40676799989510115,-1.4156928270167113,0.008766253595418775,-1.2564506031345803,-1.7548041255660611,-0.05007357387685445,-0.6886954368794355,0.9758572439109813,0.9197517484465411,0.7725684406143616,0.8070287595052598,-0.6805650385467822,0.3692799979530227,1.064646215359742,-0.0047706692998406046,1.9772287535950464,0.9800603178460209,-0.14700626084478732,0.8478162688980165,1.8749260709246858,1.3113109366730484,-0.09928872796762393,-0.3365161069730952,-0.2771559987442862,-0.26032067976236617,0.46775710328300035,-0.4212311386257906,0.3614439215877324,-0.89846149884743,-0.27636233110271524,-0.09399251978623041,-0.6872884800245841,0.9646295550394951,0.8217790381466419,2.425998430355053,-0.2480751002917021,2.5294232707104825,0.9752015810335711,0.5622988551610472,-1.3866391597658994,-0.9045051722675137
1.2220934920408644,0.34872822515855223,-1.9588288098485211,-2.710998525734155,-0.5033529432346582,0.04089882912155619,-0.6628486555486721,-0.6565684114245396,-0.28862133080561553,1.3224314073736698,1.2246176118410768,1.6816997521105228,0.3574528911189191,0.4791000536240374,-0.668507714458791,0.37644394850431007,1.7252031740538707,0.2353995709183019,0.4340829500896536,0.7953385681287181,1.3687233382690107,-0.019453225792832457,-0.8690533107995292,0.06519457217158249,0.9188985030631093,1.3788911003647224,-1.055095722406481,0.12564906699350065,0.8331527375030813,-0.001922954344202212,-0.628498693362839,0.2433413760096987,-0.3614950789762901,0.359381776871634,0.22822635717590645,-2.1599680262638015,-0.9823173201036463,-0.4402529538225754,1.051012724836969,1.2487941475807773,-0.15933977328760054,0.15857812128728296,0.5474952328331071,0.35963751019641993,0.48640170136423105,-0.6920568388823833,0.12683628316079276,-0.04589358071335344,1.0139832765490988,0.6490859294133445
0.004774139665810661,2.595980956745011,2.6388358764942605,-1.8231126449854456,-2.5171168872277554,0.36610702391526284,-0.3039827016625412,0.8062074203007139,0.05066145393310922,-0.4876158575166178,1.6307539311288664,-0.46250731123714856,-0.39651135342614263,-0.5534092926493738,1.330272703005307,-0.9431740510697411,-0.2404070464915759,1.3584391066508126,0.12737226745745367,-2.6243123860466886,-0.134369539325051,-0.18699183875467754,-0.3587697655318959,-0.2376484554803222,0.968406658626106,1.5681856312511762,-0.3333729420101431,0.3683153528003707,1.048936580516556,-1.0782980035504017,2.16293045141457,-0.299707199895887,-0.6096868995680095,-0.45414670513163496,-0.18606955413655712,0.49922868614031024,1.0132986949625165,-0.41453737320158807,-1.385630312298905,-0.18975067395233564,-1.158062240598203,1.1398315932499838,0.13903656295685704,0.37079837642017527,2.9726962121580067,-0.3470493259622536,0.5489632835344078,-0.356161664281302,-0.30731730497399734,0.29031011330535184
-1.0523934325073367,0.7052464671554273,0.1586775563579378,-0.7117466852525953,-0.44228962700028646,0.9678979167131901,0.20462016729790233,0.3880011578563626,-0.5514293053392569,1.217032457211359,1.6330904949770337,-1.624534601431037,-0.40881978549610454,0.3803417643230057,0.5860034513364086,0.35100525364124724,-0.41599415275876334,1.194963071305755,0.29875266106157766,-0.46820488040959896,-1.5741606818896925,-0.2054005677005766,-1.0755279673479177,0.25706612446149124,0.2724703195246578,2.1199043140814244,-0.6887399857571918,0.6173224320273729,1.8555720970811997,1.859278650343778,-0.36608819293178646,-0.3384351310094329,2.0496201008020734,0.5725031485903731,-0.12503923652267,-0.42843838181201316,-1.376199967615198,-0.12828694687538852,1.4767839644001965,1.1860523313079212,1.333481778797444,-0.19985347321148209,0.2752341251260001,-0.2998994590366297,0.7749364405144854,-0.7945703879416975,-0.5347662324347067,1.738578795610577,0.09677432722738499,-1.9059350412035554
1.1275939112333084,0.9784758663008295,0.3921132501883941,0.231754687444295,-1.3604097706313536,0.7195541628439,-0.20616486235625275,-1.2738989496067548,0.6416421926580637,0.879295729984909,-0.6827087344852394,-0.6366973053655864,0.17670004755840213,0.10377573802327815,-1.3269134930408377,-0.1617732719982818,0.8912565279627384,-1.7549092310711742,0.1908604510936138,0.8246430104228573,-0.7835788831896628,0.37611298412442545,0.19307637388735643,-0.2424572804122275,-1.2135363238118304,-0.32212224297598907,-0.5206750527910298,0.636639870096238,1.9983585444665288,-0.05789747274127314,-0.049636700809184725,0.36671304320284326,-0.5548378788057371,1.0825346233783248,-1.436242402668153,-0.28823765711418714,-0.3743398555983679,-0.9989738258617193,0.2675431876239883,-1.1450868313734957,1.068820828048868,-0.09966515856653967,1.9592204229192594,1.8290536127030361,-2.945632125772897,-1.5062411727849452,-0.44462946115960345,-0.035301115934290764,-0.6639604070479793,0.13937465279204023
0.08794912844014367,-2.2340179089674894,-1.2144560704514589,0.5191147093975033,-0.15739048428208163,0.29955698175889717,0.15235024799960206,0.5521342678646854,-0.5024722631292656,-1.3025025976260876,1.1059686123245553,0.3223132218624637,0.6576346278710903,-1.9457233767193083,-2.21414661219687,-0.18760422815588454,1.5240909455697964,-0.7874247310995528,0.12569359907030658,0.8824068174943055,-0.9042760033189862,-0.33293850547146625,-0.18383142705148364,1.5269095868744738,-0.46613632804471816,0.06740306723629633,-0.8259668280430227,1.5187450690493802,1.3621342286093883,0.3158164842020801,1.891435597422628,-0.9286681869466512,1.4429658079247605,-0.819379731299517,-1.0596360100596973,0.19772810588328532,0.44414103616600326,-1.4968181421818796,-0.23364629508087792,-0.11079603144580562,-2.700917591634901,1.6141177700543536,-1.0692925913420062,0.14180070422474883,-1.2495934540638203,-0.6697331134717716,0.7633538503835723,0.24360086316882287,-0.4286979545583136,-1.0627577566018245
-1.263327230950409,-1.739479213832686,0.8173606380364066,0.8081989482674242,-1.3110026629177958,-0.825424278107567,-0.8830867349632999,1.3916251318111559,1.2327900949514428,0.580626612198157,0.3429362516258064,0.38830957074775874,-0.7808900686306884,-0.2738923808115068,0.41614820172108735,0.7580662687054567,0.4029403343987862,0.2588542262977563,0.028240127180180215,-0.4803399074327451,0.06706482009415748,1.2684077955724251,-0.9097548785503831,-0.4803172049104358,-0.7690674257471976,0.596191032089683,0.12577238964100268,1.6253629043107245,-0.2191393121265258,-0.9837814482742715,-0.5090694200041261,-1.0429053491593754,-0.17421488081607023,-0.7129851723676951,-0.21059958339061302,0.749047327230348,-1.659067584539337,0.19324367582433666,0.5619297179539465,-0.7766604030848735,0.06126869908362162,-1.4224268186727111,-0.476402870417548,-0.7839891435955982,0.716747198695025,-0.8283763530110921,-0.27735547788331394,1.5690510980320425,1.1527652649486475,-0.41542531478664174
0.46079647878057683,-0.24660177499350078,-0.7686380778255694,1.9180080355712685,-1.0131993245646895,0.8086386464753971,-0.35290307652332836,0.01238672790900671,-0.05921136976505385,-0.29318592275596433,0.5924301316193441,0.3968667802006328,0.6333920608524348,-0.1537521359252242,-0.903261918586739,-0.7158966205138237,-0.15166379427320753,-0.1542660036377121,0.38367197218071925,1.0774863395116625,0.06036506563975765,-1.0277435185164794,1.0888803069155653,-0.09723481028348382,0.8077398042534599,-1.0827052077966965,-0.6066541455292527,0.3291090626264845,-0.29056825742443604,1.2448543421505724,0.8898461056138155,2.103893226968553,0.2671503630404735,-0.7952767062900902,1.4559752610662826,2.118443527903536,-0.17653350566892104,1.8741505393502522,-0.3534355391478728,1.4279723208364388,0.9763669046071212,-0.07214504098770845,-0.5586054776376376,-0.15346755638205978,0.42224135895625303,-0.1104593556770721,0.16295768015342624,1.0557768120298592,0.33893340696275487,0.7594552406003008
-2.515814975278509,1.9780545719763571,-0.22411577192322915,-1.4832158250176777,-0.6391099575946195,-1.726741404096732,0.2731437145521056,0.45872386526535863,0.19278302500090316,-0.5655532980942264,-0.014429222449880657,0.4573953318717596,0.6200365970382148,0.28377442094043215,-0.26221388835865694,0.32532481165352845,1.1992099409767178,0.6871426809367238,-0.2627658055790695,0.6995651865461298,-0.1700357515370403,-1.149733873543683,0.2918844968042994,-0.5447270331795078,0.12423166854253594,1.4808075896323132,-0.05381677744303702,-0.44689898252573734,0.5734047741647923,1.1317931999490252,-0.9342350338241595,-0.23922019827417584,-0.655281918664404,-0.7118316352148072,-0.5160609940898359,1.0095586306086475,-0.42452317866944755,-0.8976642845193962,-0.17878390573372704,0.8313619960660044,-0.00950846779735614,-0.5956488494144742,-1.744942024889656,-1.3274928784346907,-0.7021592543319453,0.07444065717150616,0.37143432006400356,-0.028752504178189347,0.2081580709827282,-0.7572558347084327
0.9995231932047127,0.31030987702687834,1.0527671758155202,-0.3565737627074659,-0.020327911895334748,-0.2857841767975102,-1.067148624854419,-0.6416421604483485,0.6298063791290639,0.30816293718040744,0.6515178227975578,0.5206761671129617,-0.16354148621600992,0.1931920866934252,-0.29045507046037683,-1.8193919236206304,-1.4164464803466434,-0.13287097471300008,-1.1063532919988535,0.17099702080527796,0.003761906461696514,0.127918643936619,0.5728391389029981,0.9340155155302112,-0.31123908263880623,0.617625285069965,-0.378089331286671,1.7209330184733385,-2.286879770582535,0.057069326464401465,0.8116660153170476,-0.4491635415919552,0.4719622346522121,-0.32996115865916203,-1.4166871585781389,-0.6345407748260987,-0.28834063014816136,-1.0024338528054464,-0.3621672301427994,1.0999817934831857,1.0503895580365288,1.1211329876764347,-0.002314141811794846,1.4248621209609071,1.1731002302644167,0.352581481556895,0.7565167635760356,-1.5146477277208181,-0.4744197412306086,-1.9670757591301882
-2.7500635641341304,0.5273693171520887,0.15970703333814018,-0.5055411083963199,-0.7045769014175625,1.8377272191562193,0.19540467957199367,-1.1616896038418185,-0.5083157125772225,0.746469315614683,-1.5261656774989714,1.2032109922836172,0.11938852433222945,-1.5566541422438127,0.4123694111701665,-1.2726566744866505,1.402194994060695,-1.0148713523051334,1.5287524882078496,0.31928811428274867,2.614069058315604,1.1929713204487413,0.5624873227914375,-0.2596897915842185,-1.6805148191266457,-1.524968899867248,1.1146027582356117,0.7042365736779338,-0.37982020948237655,-0.1962298710440419,-0.15515898864588157,0.3798070875278054,0.8569362291910835,0.9964490080925735,0.8236453631543262,-0.47550478588402323,0.3763237124712328,-0.12950106551939985,0.0886270757495129,0.49354332488263963,-0.25569818603160804,-1.1787385475709387,0.43454807704878706,0.1245979080929598,2.194791818827237,0.21543359313856633,-0.8747218081603403,-0.08680503787858046,0.3650380528659269,-0.9776973289505142
-0.19202491332312185,0.2735599812315756,0.1713423689804526,2.069999602851945,-1.18744573742631,0.9872816819450343,1.4015424318535008,-0.143740182217794,0.24582753673680083,0.3529054587147706,0.6558386280896848,-1.0462734525392128,-0.5572478160475027,0.9310680049748369,0.056558011210000765,0.8687115853929369,-1.3612056806223236,-0.9041079351791789,1.4055780964725293,-0.35483567077934663,-0.10592556432478906,-0.35848866898954773,0.17938512463157988,-0.18071668557495082,2.2145392943526243,1.3462957498493493,-0.7529493436027561,-0.2589578393114328,-0.9610710068971671,-1.080373364311079,-0.2735194720502469,-0.0989101297113035,1.837723870291896,1.1169553961924186,0.22132312368953397,1.010935992794732,-0.45305438628168715,-0.49464833226035787,1.725055635069699,1.017988760759883,-0.0019135011436698054,-0.687783371776966,0.22531146288218812,1.3727794167166798,-0.40954971433213516,-0.6487713875984031,-1.775306414161329,-0.2509461928520821,-0.4639641066999573,0.6200156561121053
1.6234509971695232,1.186685387699531,0.3128801590013743,0.3295081988329222,0.14646918924249241,1.2867928568007538,0.5168384988972659,0.22572746051342105,1.6127988309586452,1.5693673677679123,-0.6378626476045309,-1.6305740805290558,0.050648278130321064,-1.2341102994575615,-0.07882313852400147,1.4204667748742075,-0.4392434952618626,0.08909598158906284,-0.9171649982567747,-0.06361510089861115,0.5023134261779948,-0.8412043492948106,-0.5003024782635149,1.5476696133341832,-0.6142267724787797,0.2226009557874347,-0.30337835497710475,0.07412284078974955,1.1867555873370101,0.2540202676429385,1.6681747326141363,-1.529176327300909,-0.8023648464800854,-0.5806148986068368,-0.33493562657373016,1.8599680479169707,0.14155445040930587,-0.42608027267421794,-1.3424101822227852,-1.7776171264553475,2.2026856226261864,-2.333658267470559,0.12169702842160501,1.078792587291313,-0.6445972712194685,-0.7618722336671658,0.6401619003434496,-0.384838115832424,0.34422010232158584,0.8571689076665595
0.9324928632915811,0.9470956268698646,0.22977666944092104,0.8052757669671045,-0.7421079493575644,0.17047699449998105,1.3912411317360422,-0.8973702891437916,0.69765441761201,-0.477370906889561,-0.773200093777813,-1.071630491296625,-0.10251931102897745,-0.48082034881228813,-0.6810507082964545,0.6924391281726976,-1.2133830373976944,-1.5697104884371473,0.2570519937567762,0.5959187862908575,-2.5925163032131353,-1.8578560370056802,1.0998489108437175,-0.15319407755974965,-0.9626394109947187,-0.9241197992708816,0.10873040805789387,2.1745367521214627,0.7486292118103145,-0.829872968864064,0.18539248908406492,-1.875071720948629,-0.6236884913671987,-0.38927007246258855,0.15837686933147666,-1.6307730344660798,1.1934754474003995,2.451444849647366,-0.5132411030718036,0.3546166979957724,1.1309655701852677,0.4251086971661194,1.4852737479511657,-0.22524728181909298,-0.2622258834356782,-0.4465565423558447,0.8905101674562687,-0.14635696671301252,1.02279958869418,-0.9199451114001154
-1.3176937074801796,-1.3087544829791258,0.23186424772824415,1.033225068201365,-1.1946684687512485,-0.9293552726770631,-2.078895139105715,0.2519269062829089,0.2734074156717016,0.4540176658165967,0.44095691026305794,-1.5253699247106682,-0.6626319124208563,-0.7666773340082949,-0.23394086785690277,1.111920203445948,-0.8381269824360268,1.4820540136928784,-0.5504023180217498,0.7068213447290026,-0.09258567176665763,-0.6240347527500015,-0.5383961553220317,-1.135537494082519,-0.4746581359580862,0.44807560779376465,0.6935399112332122,-0.19754882252279124,-2.135182984779153,0.5875631733301977,-0.15320869956341718,0.5141369891897378,1.6837715000338656,-0.8989482385201847,-0.9378480192737453,0.6586644713683102,-0.9250942026397486,-1.344845930905137,-0.34016651669265346,0.42666186905309644,-1.1070975751990773,-0.7185288919922663,-0.22283046772592197,-1.848931863895979,-1.2889738808835716,-0.4508979272266329,-1.7708887086687335,1.093632306374827,0.9732879815322316,0.5633885948893704
-0.9438038521491335,0.9040598685987784,-1.2917511517874034,0.6023720143104843,-0.3366092136670756,-1.7882175097569915,-0.8376114147298142,2.2435053294349965,-1.0911644043642572,-0.568324482871557,1.383956014237615,-0.7418346467039912,-1.7341936329072465,-0.9455095847368875,-0.2614583260173173,0.11269535258983922,-1.20397561520342,1.5653547310765759,-0.4366339142119187,2.1238594392021244,1.1045411121178972,-2.1402555401239294,-0.974697856253758,0.34306392240109923,0.33909546119579553,0.09343334085260281,1.1973964184329988,0.08830759347356609,-0.9772473196040192,-1.4446667027740072,-0.195710742688597,-1.6360457347748765,-0.25571693638824894,-0.25755393624214384,0.37627496228606244,0.25598069704940435,0.4283142565276939,0.23557583169130608,-2.0172389442606535,0.06827755786576961,1.2913802319938836,-0.016814491742942514,0.8211000323210274,0.25017777427762533,-0.19363356638829982,0.5561587387985161,0.28371089137232874,0.7814668277128082,1.50383731398346,-0.08372149449594658
0.23453872592296962,-0.08812179737666315,-0.9841976318324251,1.4899865749894297,-0.27569407217060826,0.845025763410532,-1.077042119066597,0.7799514000018236,-0.5824241091587457,0.7977291906329836,-1.2204695261833696,1.0311966834987574,-0.2817386728264449,1.3976926829554734,0.46536459842904887,0.4480691257385812,-0.634465956224467,-0.5390831299238869,0.7353095724448364,-0.28567956321217924,0.5867205655109592,-1.8059079686152386,0.8661127928594109,-0.22432818391715817,0.7808785056568436,0.24862561260288438,0.2802477830776299,2.147982644447573,0.8661215210709449,-0.6563021755362585,-1.5720475513656136,1.3729890704045378,0.8649606160376794,-0.8309806756181743,0.12898809765866112,0.3419845569579457,1.1327419735318482,0.34691973171463164,0.3069831772977117,-1.279127054603952,-0.057550431070054545,0.6685966642166828,-0.7333500824370602,0.2517564131560538,0.34363935539551943,0.6880845219274224,-0.8712080396224242,-0.047422561132829034,1.4372533361608777,-0.8186648703751074
-0.31139983353402545,0.3888676792351625,-0.16581826525886276,0.752239300220584,-0.2621688908448954,-1.7589440757199126,0.2361978197576085,-0.45428394068572975,1.783774208989691,-1.2953052658656,0.989102596489987,1.0026974573557306,0.5484415652055249,-1.1490608667282125,0.2806224291154911,-0.7259567218208473,-0.36985926139041914,-0.21917211044566395,-0.5661614184737205,0.4885979876805524,-1.4458030621340274,1.3077913107619656,1.274875814856775,1.201779079903159,0.3981675972884098,-0.44642553432075555,0.6799163272840993,0.2676787078469847,-0.23235230002596066,-1.7154702979310743,1.8228851466172937,1.153946272463184,0.7939085703705432,-0.7500480570529969,1.1097463878776364,0.719549855980581,-0.20612439104758307,-0.8795006516308558,-0.3458810660803932,-0.34381601811638185,0.10689247145052398,-0.5907541792308586,0.2344233317650343,1.9213849383174215,-0.670400899245812,-0.06028535251218114,0.03678083720262813,-1.3904895385860059,-0.6789651127211868,-0.6247516348776585
-0.23073442344008924,-0.7105308676563707,0.3100406128545208,0.35881596072547256,1.8102138652568365,0.8629092533640116,0.14370643720851084,-0.9992037974963077,-0.01099815136532759,0.7743744486092753,-0.7855055485812636,2.9862231912307067,0.7420030500321557,0.025025082074887427,1.427224575350409,0.043509011976325555,0.13394488594038562,-0.6698477777865695,0.28762063167399177,0.6181637068254381,0.6094897721193516,-0.3929092286501435,0.6579088352742319,-0.7829558478694241,-1.0889708006689895,0.5845046019664734,-0.10574014813617437,-0.20712649686054546,0.2908928563142144,-1.0000607359156057,3.108956763790508,0.3335555351425509,1.0646331590396012,0.11685701055053678,-2.49461905362675,-0.6872422618428099,0.20068953614779791,-1.9062689722982218,0.029102032023789658,-0.20781989483645508,-1.0396966137652897,-1.237827347691337,-0.19274785759831017,0.7962045518247743,-0.6989872912711795,0.726392905725356,-0.5288819559382187,0.557104213510158,0.5839468303489784,-0.831438120232382
1.676454546438782,-1.2636576667973471,0.5642130678767898,1.985696825358529,0.35780883892907334,0.9359525843214787,0.27891778644666265,1.570593991623376,-0.6413170623542199,-1.4202054440933465,-0.43524451807638104,-1.0784080856291558,1.4188955796703708,-1.5455207869292744,1.5573552223311082,-0.5108079870426182,0.27263573227280574,-0.612971191716886,-0.22722526911491303,0.5245948087567002,-0.30366841241453674,-0.22348626660870802,-1.23718415848714,-0.4201540383343303,0.9988474456628907,-0.8193242548445794,1.0032692197582151,-0.3474088567452352,-1.1260266261873961,-0.8405969267803345,1.4275642074506505,0.7202134281976318,1.0065481755955183,0.9876362465805194,-1.381757505999081,-0.36612915721071587,0.4283762948399399,2.196101250286278,-1.4374079454437252,0.6542989203084731,-0.7745030549798413,0.14229102902243052,-0.4045424478102597,-0.7333027081599596,-0.10189854717994726,0.7503154856917094,0.27370239527017604,-0.3351600262587284,1.0180054083077537,-0.25403027675856565
-0.43168155032067396,-1.156058539183905,-0.38790787819058686,0.16886115887733394,-0.35757176205616537,-1.3789890515748369,-0.8359566759469798,-0.7265444574006753,-2.252704358266543,-0.5379260891694128,1.0309177272561971,-0.15680394616343124,0.8231281988455476,0.5864978512903702,-0.6588786136384045,-0.7232112141311644,-2.835832843187566,1.328174666820034,0.36653270423285195,1.2269125419481952,-0.8394210279672517,-0.09355307550786629,-1.0562109659819299,1.2959584592484583,-0.7951501409882981,-1.3871474372891193,0.10298820277497835,-0.777561434256142,-1.1715301303708432,0.5141181486146115,0.08077995417203845,0.3206151657080813,1.2838092990662249,0.8374256257706498,-0.6471652894989828,0.889764859121329,1.4296865905894773,0.2580926530843116,0.10429340926316877,-1.411922767764183,-0.0946242207630211,-0.49419132049090175,-1.0548093573912658,-0.6051342812229419,0.8678501749428961,-0.7568953140829954,-0.46363152217122705,-0.24634089224360242,-0.5170491477610674,0.47856600823137235
0.33756543799218836,0.42862362536286863,-1.6722233980688734,0.9283343504289756,-1.1582963236315964,-1.8816609072813264,-0.09468937339352157,-0.7683829780568061,-1.4136490113122413,0.2826571842687954,-0.2591888862034034,0.24342743931701016,0.05291761455677267,-0.5694933677211992,-1.1037683225398234,-0.04122910812967597,-1.723564540997529,-0.1991093169834832,-0.045649675036447485,-0.07443293483399482,-0.731340541507042,0.47721042007220726,0.4956138969427457,-0.6979925754042972,-2.984487731410663,0.3691215230701137,-0.259416051377909,-0.19290671155871403,0.44289509764138163,0.5501103745431124,-1.7085329010532195,0.279411858628893,-1.3402324947365893,0.7001661085491175,0.22320666442784426,2.091975281847601,1.8189794175552592,-0.3025776676384338,1.0655337106042697,0.7639158179778324,0.10486330393365294,0.7129048504931955,0.1400663829508886,-1.617175067400333,0.7555676259342988,0.483834202479054,-0.7074921955808825,1.4012407737398558,1.3405376400389555,1.5265694438183117
-0.16480352646068563,-0.03336235525930034,0.2339012619661813,0.8361814654646523,-1.0255768894042943,-0.733253490389248,-0.7738459388124294,0.15021969434802682,1.7977668730452652,1.5778267384448592,1.2827209012933873,-0.7676896234273733,0.41509339502026177,-0.5804542186256691,-0.5935137892201133,-0.32085587890403305,0.5046050772182351,-0.6062776944794862,1.4196942171392808,-0.33177808594319186,-0.11452857097997265,0.9319600054289959,-0.6923152564351438,0.4487523245326017,-0.9398008173893928,0.5091642516442114,0.6196196783029171,0.029126165305483082,-0.5873735692762307,0.6278494311835505,0.2535728976017886,-1.183395991051589,-2.7678703022387015,0.7637363100893528,-1.7173246294971274,-0.10701993499739457,-0.5946473069125102,0.01685334467833175,-1.4074248753357688,-1.1612223825585433,0.875522985033711,0.6661409376373646,0.30734569159345876,0.3361059562683626,-0.6151057616581045,0.9256430688807067,0.30635341424076495,1.1521642625895798,1.1043452172960504,1.402906626256496
-0.09195084105116999,-1.0076079145615022,0.5180860211912557,0.41174611975652153,-0.8976059846931298,0.9020657123966302,0.6110745736791335,1.2013058629314464,0.03517453083157076,-0.7965013720310087,-0.5605006973341953,-0.5649893348946451,-3.391260792204477,1.5709005219856955,1.7380445965552567,0.815814748318333,-0.6322806445219815,-0.5950035525149477,1.0564519061891469,-1.2169401617834412,1.0265433358309435,0.6259267097158684,-0.7020866574206505,0.17573411204889597,0.044298950521051234,-0.40647218460510126,1.820629145112143,-1.0038955717891018,-0.3509863440775822,-0.5228560742977001,0.3677660441255444,0.27377693119691976,1.6660194928806926,-0.9298801788980035,0.3377673702958447,0.9341928748003322,0.6385548955739516,-0.5644385388737615,0.46165955449911605,1.383102070993044,0.162157264458208,0.7912052510692033,0.8826096282817204,-0.8679179234500313,-1.1230097716074965,-0.5254139663293456,1.860388914239096,0.8326232613257863,-0.5383218793115706,-0.7917685893772469
-1.3590770613915728,-0.6640051430476884,0.8543108505247946,1.7422827261094243,0.13135914279432637,0.09818569509318201,0.3687089985429296,-0.11153424620010767,0.5208577919724099,-0.37837005332454143,-0.5766463327265106,0.36279773897511214,0.15284693093676882,-0.1024059019699224,-1.677166120252182,0.6005609385470921,0.3210171256340684,0.9187844422591748,0.7875761724121464,0.37902011026290017,0.6688073100889055,-0.6984072463677586,0.2796203848660781,0.41535170825381956,-0.5511113145818832,0.5946629010278317,-1.313061600982572,1.2750863884169104,0.8591365187591212,1.2088709506202449,-2.123492333699961,-0.8172064857088283,-0.575107011444005,-0.24250667900619569,-0.496058141450254,-0.5021418186518455,-0.6864444585736886,-0.6572556531707855,-0.8350617105737748,0.823903313795078,0.14958645580843521,0.6026676892146933,-0.7372459200071916,-1.0182709435912722,-0.2918597577442468,-1.1635729039695026,0.41161922060301465,0.4407561489364778,0.8799826332719659,0.3657241602285488
-1.5530395540482813,1.2905102337775218,-0.26604885270814577,1.3753019427902522,-0.07789607398803622,0.17059943506350073,-0.8886667830721694,1.3796352995163004,-0.38414335575116537,-1.2602955609712299,-0.39302556320607723,-0.6194469529907586,2.529470675629058,-1.3292147018349636,-0.8419190913232788,0.9869072565840487,-2.7485087996194886,-0.9745506130510548,-0.7815354789957422,1.6219504407902865,-0.09236617906669446,-0.5544906409811258,-0.08448157703662955,0.14240325513412275,-0.19694375731554795,0.72306405705015,-1.188127603470978,-1.3227386008096222,0.49086450593340303,-1.4255234507557446,-0.9604296274208654,-0.25040850459996183,0.2523104322338998,-0.4730425278011099,0.7242665838293361,0.10653707912931172,0.5927328621272715,-0.7562749434401328,-0.6325889484320457,0.28596941259109304,-0.7054872409837777,-0.17627432445073263,-0.0009094658412918215,1.2725495605383446,0.5655176042578763,-0.679978598353477,0.39122665364224446,-1.206513210771748,-0.011831324387849283,-0.7612613701460003
2.383980540712983,-0.13950494806151223,-1.706188537760286,0.24231266233481025,-0.41423838630145954,2.1453568848934825,0.8954688934194975,2.8140860693478875,0.6838830705880058,0.03435525364493555,-1.154450165246972,-1.7205361000862376,-0.43695091789356577,0.8471049483559435,0.8819961168500995,0.4208295828873167,1.7783388533215716,-0.06766360313752126,1.1182103049582304,0.571292459306905,-0.7240464779833092,-0.8616525601316718,-0.16878216527788076,1.1628222827168702,-0.15401381995987637,0.07552464887200117,0.8610018252657823,1.1059766650177547,-0.6379026086119237,-0.6716860448070434,-0.8019279265272681,1.0404493922798221,1.020633026414608,1.2020510927849064,0.2865560810400736,0.21755532009920536,2.5152019854623706,0.6219466409449621,0.07963002751944166,-1.4460719705145175,0.9243569105264499,-0.7971669444030787,-0.7485436284763072,2.044499193165401,-0.13267433974438592,0.17298166026034156,-1.6389670956861666,1.3586211919090405,0.4153756856819456,-1.3090618436323351
0.5078318781469577,-0.11013001636985333,0.25171887376789803,-0.46721400087677956,-1.0796542631442323,0.5146652441533965,0.2971029199717258,-0.23372046859917311,1.0990990636767677,-0.6445447698405338,-1.2108161838035734,-2.3857179208622785,-0.5354370656104565,-1.8477243148803797,1.8630261841107698,1.597766047950932,2.0435409706415033,0.6483674927714079,-1.370078359716101,-1.245463267061346,-0.36721741706873723,1.5327459580751999,1.4371932435707953,-0.8287740246384414,0.8056786196885926,-0.43624161997306005,-1.6419251279250167,-0.27378078581372073,1.5893524603929945,-0.18676894285421813,-0.8134870666281435,-1.3691904256804457,0.09620938662112648,0.32802766848943243,-0.33576794011683314,-0.6432801679739916,-1.1904167977781328,-0.024725566950852245,-1.3244225209494476,0.7498962881539246,-0.2303677121211552,-1.3297893849007412,0.5371958046388358,-0.23335932983992097,1.692935133775473,-1.175642490650135,0.5996807081817066,0.8622673104418651,0.32361689412615735,1.0204329576538969
0.4505917966260777,-1.706460899593988,1.4725014439931687,0.4518155271872188,0.46526990087535425,0.2298494716395,1.6036322822832716,0.9835481186538801,1.444657447078244,1.9694782715403867,-0.28347546088540415,1.5783496812040778,0.6957780662957016,1.2122772107957096,1.0841434454147267,-0.8392065381080525,2.1892075315929818,0.2941555310271057,-0.18795303369861344,-0.8102258521071729,2.1279030766385083,-0.5459343188014674,-1.2210092319493904,0.6749497860249245,-0.4347272500292819,-0.45776429484394154,0.42701619285961856,-0.5007538549914474,-0.36833328403502863,-0.5285888968230776,-1.1428667709611207,2.018570551410419,0.4653800642459866,0.18325524146352823,-0.42041911641961716,1.1933805055377484,-0.843609170583041,0.5620040333259013,0.6265952650769103,-1.5460681606907136,0.4931740742850567,0.851085684990386,-0.35221750288803677,-0.057644554717263874,-1.99992955179758,-1.2727096541258,-1.3794798004829687,-0.6552488174297691,-1.5377116316690431,-0.8754437666968633
-1.7223127975744388,-0.608596104810708,1.0317634766247274,0.2986713295619858,-0.32235675108812173,0.9349099494182199,0.9642196301129807,-0.5324833790583525,-1.0127492868663044,1.5601592937918067,-0.1438743167569028,-1.2814674370795733,1.4048673386952124,-0.4123065110355181,0.10231413447514624,-1.0287208985347625,-1.3003705324104993,1.3165232559798161,1.165407553817029,1.151749595864304,1.8503950546597308,1.2986325531791796,-1.2519795642077436,-1.9343941321326683,-1.062650415490025,-0.05318902412275237,-0.651512483446199,-0.5642634911763889,-1.637160611836872,0.3719773151197735,0.04289431324067101,-0.8084066835836017,-0.4018558051737851,1.001223954995516,-1.0923569946186604,-0.4445813373771331,1.3680678042183365,-0.6484057131110259,0.7382089619318744,1.0393070586515725,-1.7464978938523728,0.8002128284561622,-1.0023169314748923,0.48942940901125387,0.8203999873603105,-1.2697770807190567,1.3235257950167771,-0.8126468252196688,0.26075989584920073,-0.5888984947975123
-0.2776466456088128,0.8246367477548964,0.10862255454959238,2.1335725353704804,1.1343912862752,-1.3295896093901645,-0.03820606212879514,1.2069184968485211,-0.0015856511128904108,1.1605756622491925,0.9786157713595639,-0.2956922000834648,-0.608769976788334,-0.5131786366880925,1.4375306045540326,0.47394216862884725,-1.405118301981084,2.046346459985326,-0.42511713387057226,-2.317250177296725,1.4808552369280312,1.1690299634402737,2.291216167869684,-0.8558541702643464,-0.5678504845043449,-0.8290278459513186,0.5560091733589487,1.2084566999247655,-0.8849764172749014,1.5399858635168175,0.6661946817126034,-1.4982699461797206,0.5397987334295624,-0.5760706816436224,-0.5757100794794112,0.5842463569420265,-1.4584629921122658,-0.07938713208732567,1.1312687275302344,1.3243925046630947,1.3369227536324,-0.48680976336499493,1.900482800446054,0.27820258243832585,1.0551529364407657,0.5624381843633274,-0.42178626589489027,-0.11024870922894187,-1.161953116218505,0.6117456141501121
-0.3090009586911332,-0.13575787759851263,0.6009015997760285,0.6541938779281419,-1.0296069857097783,-2.851077243771217,-0.4240151547133756,-1.0294089799610169,1.1597377796579282,0.4328801319262209,-0.14762338769019462,0.08960474445711392,1.8638753718693775,-0.8572993275611773,0.037231221786481715,-0.10885199637286795,0.3865667192598635,0.043593448669057774,0.9249749537513221,-0.4844499037251943,0.18397966432680873,0.7727366678332961,0.7192325544003006,-0.7685135349654812,0.19452938178153112,0.7662859291141697,2.4289510183037937,-0.2550132627505351,1.3070731031172027,0.40721018289752037,-0.37171629636646336,0.1488905557242529,-1.147799361303809,1.1248502652208792,0.5187483616242418,-0.1394525473319686,-1.1634207672453356,2.3533760263380614,-1.1018142598312868,0.28846263185292353,0.14179338763160967,-1.0887961777298116,-0.3598205668299983,-1.3821178737218884,-0.9722172722566502,-1.1437412304865238,-0.7181603184664289,1.729116194035304,-0.41115395655979137,1.0586668916188895
-0.5462052004753768,0.23699875213521693,0.45726279493598954,-0.159171362174055,-1.842552321231744,-0.18964720892261225,-0.2430590411129909,-0.5152473610997591,0.8592192863804066,-0.6784862934626672,-2.5967920439000665,-0.6366972206993912,0.21885035221328386,-0.15018899518311807,-0.5474041674297758,-1.310737627095605,0.9129499548571886,0.21235143411661303,0.9048158583086232,-0.6159351501350318,-0.48612507568777996,-0.2783234910516694,0.21785545822114594,0.8023924660871364,-1.9428735681466938,0.4229467820353968,1.0972245043890938,0.4291524808695863,1.3781661835869603,0.23359535761779235,0.4796054516597485,-0.21371270867277267,-0.6650995691802379,-1.1343738000471002,-0.97707839333413,-0.13652906306345527,-1.5259525457879834,-1.4147036200523135,0.7148456268017186,-0.8252158426275336,2.251582984957329,-0.07571945229608494,-1.5136596911684599,-1.0546993002492855,-0.26601423420008363,-0.9231974242926048,0.8798087911240087,0.01935871836942193,-0.04236634454046656,-0.05068285918888852
1.1295388614919104,0.851290561072752,0.9827885269476023,-0.12494352109702923,-0.7622502310275602,1.154648589631825,1.7676686714831964,2.022859824940661,-0.3227247356731965,-0.3138643620682412,0.6144441074604929,-0.04494439076292166,0.16660076960840958,-1.7856327781716803,-1.1242360751040537,-1.259145420105309,0.1633735485875283,-0.17146539037935962,-0.3872768297319133,1.2307424773140916,0.7214637091043546,0.02430767961191603,-1.539302145475268,0.46270381541886024,0.3658652631031089,-0.8904759813751713,-0.8537202668373177,1.3181610705403328,-0.21703807173232045,0.22647288481553746,0.2918837687174637,0.6461988386083748,-0.38860843624852986,-0.645877900230132,-0.9151104417482694,-1.0272578803274053,0.1853950229264921,-0.08742531013660884,0.03346957363226331,-1.0939372146874766,0.6775871566007277,0.1974051817902253,-0.603622935340415,-0.22124400881182682,-0.005625566304193084,-0.26972289988153314,0.8820876273408931,0.1564275869287186,1.4911385725340345,-0.31170221117248087
-1.3344355576821876,-0.4073845392776707,-0.10878350029247115,-0.9218525060450271,-0.06560764878541211,0.31656297540639466,-1.425038968419054,-0.006558728732417922,-0.7410388823705031,0.13004940415713842,0.4569179073009195,1.1799803228466188,-0.19959574141526554,-0.2574178561877107,-0.026076795424681783,-1.4471269234847333,0.08621952210102733,-0.3446410406913541,-0.4687276379122456,0.7531902195762301,-1.2776063143704366,-1.0992161535586777,-1.2398000758589056,-0.16070188926458667,0.33544009879390296,1.6545026374088787,0.20414446408556078,1.0638908193888124,-0.09631040757115752,0.11668740512156424,-0.15050787468153573,0.4052523821672346,-1.1618704358421934,1.0546499104353328,-0.3646698641105829,-0.26522855936270606,0.20764359769832264,-1.9705284721056093,0.89700628848435,-1.2509154681054466,-1.2230986015288607,0.926585606780586,0.5019521171205639,0.591033272726653,0.30823637640748297,0.5024068114976606,-0.2252032269668368,0.9515796311614872,1.180992463045024,0.20241029176309874
-0.08105980739971082,0.13725720242948886,0.5802136475511678,-0.06917601901617598,1.1858661940844863,1.6455633887920624,-0.23434825380886518,-0.12295746018150018,0.4019457620842369,0.6094741849717733,2.052665294847886,1.5538309960697652,-0.8887327303647126,-1.1277674133753293,-1.1166816376244946,0.49652105193104246,0.3649273630154323,-0.25082963647724055,-1.7088832997649777,-0.2553776170112008,-0.17087804258541978,-1.6721658875000511,-1.0299227151554793,-1.0641493270329851,0.41217593781348294,-0.6943810382417511,2.633687086417719,-1.099789317474527,0.9818296140850671,1.1652104814610675,0.0013329646714134982,1.4127669373177016,1.326554802040575,0.2209115673138543,-1.635241242141426,0.3531697127023013,0.25834554161441725,0.6832488991129603,0.33823983679782127,0.3925791243968977,-1.0175447308890078,-1.0727551465487166,-0.3304797466786808,0.2511468467527579,0.07906082512360274,0.7096620994464657,-1.0927425099939976,-0.07963510401468933,-1.7078093114295199,0.5912991978003636
0.19035395657933704,-0.44230855304526606,1.3731976326226178,-0.8440495828172802,0.1867345638479216,0.9140846523717105,0.14325891423765522,-0.5162025367268711,0.2905258878498172,1.936016818572106,-0.08919380691686431,-0.3924050324561249,1.304475033035841,1.5752979655265509,-0.47123744955938685,0.8874001870775654,0.293357834588863,-0.6740660006358714,0.40048612613112305,-0.27420632243329435,-0.873207153067797,-1.1097498210107395,2.3984900114854084,0.1413388799461246,-1.3737986398688757,0.5972181303535249,-0.30760240426795044,-0.34974123531666534,0.7055751559432772,1.2321064732055522,0.9605872406371819,1.1150945388459632,-2.489897092487517,-0.6571156833968526,1.5860401880186645,1.4445151765644713,-0.24768966305750909,0.3390273717284843,-0.03621868438593381,-1.678393721118543,2.543008979888994,-0.8985684453013104,-1.7474227196258705,-0.7839171466289848,-0.42548640768949797,1.0278113692742998,0.8373590429502143,-0.5732693246063663,-0.3137677438901825,1.1050857474101663
0.1469845258951068,-0.3468957568855748,0.08644051664865858,0.653040590534021,1.364727384203181,0.28893071649329943,-0.20509365369187868,0.2333323325664941,-1.8579929149711123,1.0964390246245708,1.690876961647659,-0.31222759082040935,-0.5669558023557741,-0.26671740928242177,0.397594764630794,-0.9077978481778975,0.8159380344167231,0.06274319929013332,1.829216429940131,-0.5196808488254332,0.43417927967913705,1.6530473699239705,0.2989280249993161,-0.3529726615044639,-1.3686596564158608,-0.5936023676203325,-0.3914303776951599,-1.8980107808850433,0.9252669364518348,-0.9437500691072374,0.12685432069803435,-0.22659959751344422,-1.4345992103579865,0.1550412163136206,-0.46348970543854123,-0.6983522420692319,0.4951665180754692,-0.23719518139611478,-0.19595060001590175,0.563896140891975,1.3057499139144733,-1.8818307025568892,-1.7825971445676507,1.1992595478837795,-0.4698931147730875,0.2851134779755445,1.4580951315122113,0.11205954452261832,0.20474087152315548,-0.9238050398553114
0.7150903853831151,-2.1451299027822555,0.547293617445684,-0.40364850816395753,0.35984116337642874,0.6434647310248054,-0.21697682260603676,1.2574142641841564,0.5969362034914864,1.294819924953984,-0.026299324280068537,-0.36189791448811864,0.1158633006426107,-0.11031046972262422,-0.32522691239496027,0.8603409376672456,-0.2544294388396601,1.893058535396593,0.03915372780315247,0.7796105161037649,-1.531133519175126,-1.4672347364964855,-0.05945573398661363,0.08458542556109186,0.13236224856500764,-0.1762110366725419,-0.6781968655258828,0.40236309455708613,0.1602404278223719,0.1661824848262625,1.2379237855954928,-2.204501220016355,-0.582954550300389,0.3257315198597623,2.9040689498014993,-0.5410647249675068,-0.13350459211108695,0.11206993295014774,0.5724820049248194,-0.21230118788390348,-1.101799787356696,-0.8639771509652319,0.9461520607503451,-1.1716415631725212,-0.8313351783614887,-0.17098385158857096,-1.0661464446649325,0.42410373346741365,1.1769020147567626,0.5091468985564883
-0.12536730878611707,1.3625788944005546,-1.186966918934651,0.16436166999475876,1.2968730114753722,0.7833282257794854,-1.3606220077051774,-0.9493774955756293,-0.17208615190547877,-0.24511976851965964,1.0409517199364369,0.4128007605866195,-0.04007316784988741,0.2628491699498557,0.16452362164404405,-0.2000135404932837,0.057246241223841386,-0.19719794514984584,-1.004440881526015,-0.552936611674451,1.031802343142209,-0.5500739029224763,1.2345063075674185,-0.4156927290287659,-0.12826626594445745,0.7191264960889285,-0.6002989333083542,-0.5708041363479105,-2.5261510018002475,-0.14194439840242498,0.5386245038505405,0.08011389859443238,0.5991177098467328,0.7752846585792097,0.48201372170014295,-1.4920363487611414,0.5264705414622123,-0.8424605216699399,0.7525797655103266,-0.30997514464493453,-0.9210355808834516,-0.9717369645255853,-0.34756460657999033,0.8883146918691113,-2.4977623260727135,0.7240584486320026,-1.044477323061912,-1.3357099366119072,0.40445090679452866,-1.146869788897405
2.085841717856614,-1.6988879618704484,0.16388527025889205,-0.5818845778365039,0.12716954482489387,1.3202499145799045,-0.0655486305758805,0.5706314888755492,1.0661860712292368,-0.267020334928572,1.5171884860234979,0.4498116534148011,-0.7662266304822466,-1.2606866790761986,-0.3528664912745105,1.1047405851900385,0.7913723449114797,-0.4804315056305766,-0.270573782620559,-0.8320140065927999,0.6362465848753712,-0.6414573393548327,1.6643739272540594,-0.3976307827180022,-0.7219772030131667,1.856572228426163,1.1537657742616432,-0.17070996269201152,0.7047950682070016,-1.3511588876846252,1.0807980168052107,-1.2103540001173954,0.5504071234078974,0.6783247657749114,-0.5693851464806188,-0.9151253575165764,-0.6997417564492239,0.8306403776881324,-0.1372217447226945,-1.010977427188179,-0.49917990039158494,0.7862058182700967,1.0455573774627005,-0.5427703399767573,-0.1670625415408816,-2.2084852843409535,0.27038805276819916,0.7336663799897432,0.8984446951397488,0.5846122340529889
0.0021214958525770755,1.562294835470716,0.20614102689395278,-0.04154346051556836,1.024040781848375,0.4777393908779439,-0.46924673297075276,-0.07442592636877199,0.9870791853867326,-0.23526122724891085,-0.2136980448358091,-1.5383602666952918,0.7234110250845618,2.2817062279630997,-0.9720737478303744,0.2592181204521971,-0.9129759292130465,-0.09822439998201123,1.7798076485214198,0.7132256651751894,2.2253074908930235,2.446204855287356,-0.07098517632944808,-0.7006907828610035,0.524480203493874,-0.8799066078114415,-0.3181873325116901,-0.1788202281945272,-0.11026624482411862,0.5856231275258946,-0.4526681310520765,1.1893542227530147,-1.000531477393809,0.47700321405693935,1.1308390269683557,0.8359108723314855,-1.329744332436684,-1.3835544523958474,-0.5249167253458707,-0.6882453254433241,1.5144780481320181,1.1347211314442003,-1.0905802381197858,2.1195396513169475,-0.08447819758778584,1.0347249506809568,-0.2699507239194933,0.9523972485342398,0.12072865284706395,-0.2727369863878174
-1.1616267628784458,0.018853986885162398,1.456116709113361,0.344613134942074,-0.9167058918422524,-0.020751962086571346,-0.5954649235189943,-0.2070867140938594,-0.43040217683668763,0.968077756661318,0.17086251851189566,-1.9395411616348974,-1.1105342531024334,-1.7260425322756108,-0.8316470423595054,-0.9086119570458004,-0.8776373200989411,-0.535082265278605,-1.911538054722543,0.7633997337173154,-0.6480706188964324,-0.860153820606817,-0.544908137779024,-1.4875362852428902,0.7082223069951579,0.7090305421457428,0.6033988014624053,0.6596011774603365,-0.5760748772469655,-1.4098321977575488,0.3835035029946414,1.7234230439439278,0.28223335831555685,-0.6924803637730611,-1.0420900171459813,-0.8950337402587265,0.011910350424736295,-0.2758218793655077,0.2329928454195373,-1.5975342625842073,-3.2221603041511475,-0.8472669068865044,0.5867234124490002,-0.572958982004821,-0.7211787556340239,-0.706682431053597,1.523161769854903,-0.3246841525082427,-0.8914352396137336,-0.9200995801208613
-0.5009607063629196,-0.4298015923206372,-0.47306641358942114,0.3067967429234801,-0.4115130945151974,1.191142894547883,0.7500808366212243,1.9200107727241797,-0.6220507916681028,-2.247898562684098,-1.283780023495056,0.5650064981331812,-0.22717889156691043,0.8842818424906982,-0.44684540064312195,-1.5193968780484248,-0.8073580346979069,0.7265642559014917,-1.6925699510870127,0.7778710874713964,-1.105391509118753,-0.0257844466676828,-1.1105886266829614,1.2654368084666814,-0.5106680691255134,1.8424339769430844,-2.743223418982595,0.9620044465513866,-0.6327752732880908,0.7347456867085432,0.22166554308217024,-0.44638409095096443,0.7538747830633694,0.34786985006518434,0.3273757383381794,-0.08631478431659274,-0.2066191795374073,0.5925727385219213,0.8932193603761265,-1.9389847735667511,1.739696163460499,0.26919123059721534,-1.4089203535129655,1.4548888979719108,-0.7377703770727162,0.8735142059049983,-0.5765321038432505,-0.05724295687417423,0.26104716458445276,0.4265259561501074
-1.3495134312430959,0.7251952531238588,0.6988702256264391,-1.018381510490974,0.23106914624024946,2.2740831358566704,-0.5584026516555591,-0.3483325912181156,1.3577818483958721,0.7934904226465772,-0.15094731430023536,-0.45459615241430157,-0.5170177545749698,-0.15176130588220071,0.3187598037343728,0.16918827524021846,-0.8435096349620262,0.28018979130299565,-1.632428985302994,0.39926682337977876,-0.7947181563433873,0.0700014603015052,-0.1294841313658243,0.2694972966586825,-1.0521950016826793,-0.7773010586337635,0.6093515695249461,1.1651529703457018,-0.8232126784897933,-0.1908052883569757,-0.9226790377906015,-0.5990357618374347,0.5265510882634539,-0.9375024981879105,-1.1123551366919127,0.10852992672859266,-0.35726066410666846,0.45506620539449805,-0.7042289655273914,-0.7700489822973752,-1.211066840934374,1.426603428433535,-0.8526181016065233,0.41441922290162314,-0.5441942745474077,0.5917321933245746,0.20982432951395721,-1.37725813219096,0.271633036814056,1.2851365199174347
-1.3951282475750202,0.6381768313675407,0.8405544197905577,-1.8643443770394872,1.4033777361756148,0.6712878637761367,1.3377633993361757,0.9175530620109431,0.25975957809457356,-0.4247631926754445,-0.9750413673340796,0.6008678959111242,-0.678463001803285,-0.6666510893901821,1.1736475985984574,0.9178635739900327,0.3881269913813815,-1.175593331851238,0.7402638720897059,-0.2857662546434758,0.025986214277551368,-0.8927388578087674,0.7893047192039868,-0.028991416352234255,-0.5160452928793424,-0.7677814431901041,-1.739068123680773,-0.8306787489531611,0.05158325234665417,0.000719802608914495,1.6097255595537276,0.2065999789834314,0.7691085968713214,-2.0074064719686238,0.9764092491808335,0.6870553111994547,0.028617759798898437,0.27546552536437324,-1.9319997042803467,0.9092131824214666,-0.6867100387891986,0.6133275447446885,0.40015654268988077,0.5349560331440585,-1.8442573170856216,-0.05923465133804067,0.038531464979918155,-0.47395639205153267,-0.544084212427233,-0.963902441591417
1.2988891513943457,-1.1326025922435095,-1.3213447532493001,0.8072563074388723,0.8852820362480575,1.4790057908549337,-1.7560546173458178,2.3888224806232943,0.844167379396626,0.7266752191544169,-1.1821862077028011,-0.9412130704037959,1.058518276465711,0.4526893763100714,0.14930611789603848,1.0957860818873906,-0.4317803853884543,1.5588978141973608,-0.16224739720420514,0.7764282826564514,-0.7982687037929855,0.29503951763010844,1.6644040316978237,-1.0165513833835047,-0.8883074629671304,0.5579554885065535,0.07022413927988148,0.3888123695913577,0.08830516114902275,0.058569829918444345,0.6925387994196337,-0.8540993354147164,-0.4114354635522131,0.013692054141707622,1.0164542677139412,1.017326853655637,-1.2217571120918915,0.16728162349194203,0.8232626961970813,-1.0932558059481403,0.12477243469448018,-0.8635375278570725,-0.3153881741174455,-0.7847566557899632,-1.3602862903245103,0.8220680642656868,0.82950786138563,-0.46406255838126415,1.0972772791233454,-0.0037909992699807315
0.023026102704608243,0.2532214665551977,-0.35591871529377095,-0.4547728481269256,0.1891623587653816,-0.595226467589187,0.10371382953064055,-1.0744957900128929,0.44881774286880377,1.2867055282085096,-1.0479814385144428,-3.0256173221956773,-1.5093613711560272,-0.3465701061168565,0.947793032208228,-0.1505106113989674,0.4991182427704934,-2.129568774301717,-2.176251151210489,-1.7067133383296813,-0.1515047896433965,-1.058665330073682,1.1488772682951969,-0.7351360315252263,-1.8987945855053148,2.248124408695257,0.5682380314421702,-0.43896838126586923,0.028664865958061905,-1.0691835247787358,1.975452582424968,-0.13727922191776304,-0.10819898083162849,0.8477751769455579,-0.5893005119688702,0.08733355248244881,-0.5438841228276287,1.1229718382004712,1.7957661999814833,1.2805345009443363,0.02471099469929008,-2.1383029873123136,-0.5488359323175228,-0.8475319198187035,0.8710041987061895,-0.6449329725084479,-0.5038656469714623,-0.0742932431271226,0.5286643570125312,-0.17719503390565447
0.3536731699267379,-0.7750327544648847,1.3703035233738357,-0.45151813166007004,0.3040481785701347,0.0889633268056757,-0.7551337934957436,0.6268776139724405,-0.1130526851994547,-0.045916286896189235,-0.13424421235492998,0.9020041370534034,1.719941650386936,0.35458005978429036,-0.41428522409317814,-1.2368662210753678,-0.8459507695003574,0.9981558699719811,-0.696857269984589,-0.5853990075259652,-0.8455497930138027,1.4730974519206461,-0.2857013416857068,-0.024553621491616308,-1.6372731042367719,0.707404520149701,-0.6657943805644103,-0.2068561487114032,-0.24096032252263003,0.1398808640080396,-0.6373843611566128,0.8919075161716541,-0.3374903743625009,0.592730220627574,0.5402388436144515,-2.0104509531571493,-1.7195979397061318,-0.7813289351862014,-0.9639914235073527,-0.5255544384573946,0.3061834869279824,-0.12814365530411978,0.2039943543353552,0.5000165272526876,0.35775454970889914,0.8700530052463209,-0.12304544294195403,-1.622546950874563,-0.26403567305398956,0.8089777893423111
0.6679220502449983,-0.07053113618057352,0.9046573800644686,-1.1950579217445583,-0.4540282231558577,1.3144125515221206,0.999103724239127,-0.21416071845413176,0.7210984001761152,-0.15850523289361146,-0.18772413300234267,1.1359362611797277,0.8121665639365517,0.709799581014276,-1.0144184061320598,0.35218328625890966,-0.039993471855518076,-1.251703396641989,-1.6658889391043958,-0.5860761304937478,0.8924223747678216,-0.46100666711670074,-2.026132489654374,0.19568275392756185,1.230976228859284,-0.6021677538362333,0.10856403421879825,0.22854176385378577,-0.21815307987032342,0.9669314974898728,-1.3248595131374,0.7456738975590452,0.3527892810240544,-0.037068866453514,-0.9349057873343553,-0.9204472537293945,2.340447319273866,0.002586387080205155,0.3119976389797443,0.5675605676102615,0.8106656273589642,-0.18573788028590055,-0.9550789157171308,-0.16489755483290244,0.39939505353762306,-0.6498854646815554,0.3044700128676501,-1.5948052395967376,-0.6796514273027847,-0.3148722790281109
-1.2457294434783301,1.6257936502987846,-1.3286555424922761,-0.2765076192143761,-0.6453860933269617,1.990471808421259,2.0725926940673145,-0.050581682220741685,-0.2824718709252853,-0.2501963937821294,-0.831452094975043,2.0974736461456347,0.18181450385029593,-0.4249825881108473,-1.2585774138697083,1.0895215748776905,-1.3528233724466239,-0.5005522843280533,0.14210509396595883,-0.7901895538765357,0.7945521197646546,-0.6549168895494025,-0.335190124294697,-0.4639992007434807,0.06393966085470269,0.34846703002111334,0.22304236702453611,0.6382843319457691,-0.11353659389389002,2.2405977636724748,-0.5278356710178518,0.07164128179080947,0.38615583084701804,1.2817002436001255,-0.9441824741458719,0.4505419329279301,-1.5853077972402836,-1.0508038629888314,-0.3232890687375366,0.4793097716287112,-0.7760919127639329,-0.901036193132449,0.8859418209325617,-0.05076095371172044,-0.8463382149070076,-0.213358436134703,-0.4037210524204622,1.403673974876496,0.5250399620004536,1.695156620020782
-0.4428112958500147,-0.3657266841496347,0.047667553532072714,0.012809870769146067,-0.8340671561246018,0.7396962610607816,0.8732512121989324,-1.3264756705989345,2.163314390868983,-0.16421650493980955,-1.9482126392753276,-1.049214207256596,1.1491813233750956,-0.2408187693248048,-1.7169514708912816,-0.28346562212615767,-1.6435223209018615,-0.506567108364973,1.0674256756832898,0.8964156709695417,-0.6780455521744223,-1.0352280597271197,0.3415141544011072,1.060321545220084,-0.3149396761856373,0.5451559766857907,0.04697162494868872,0.6710149029262501,0.08669207691358399,-0.16243576561562742,0.2927027657704834,-2.3992657291927446,-0.8502183710845934,0.06517267985498809,0.28513230232258574,0.850565036607357,0.7863416147029817,-1.9990410900979954,-0.8417786902043773,-0.6609348072999643,1.0805184009548434,-0.8473989566089988,1.9837952627606183,-1.9209842669266468,0.8568938046315406,0.4334815831412293,-0.12067010904108613,-0.9988116045088975,-0.9561119678677255,-2.3475548883248627
0.1676673176814266,1.56305095899851,-0.04839299862898755,0.4620765359970671,0.37689385787484997,0.635836798993207,-0.1487387846370602,1.7639246145622411,-0.23219615513862335,0.013402418518711082,-0.3937689211999395,-0.08676265717898414,0.6822996562200978,1.2313912010037673,1.3009919192318706,0.7211046697529623,-1.6644983245850793,0.5809648020064675,-0.8216319112929051,1.6541386745336588,-2.8483490597499017,-0.5672721845192555,0.5930411684640585,0.2847974464274141,-0.13060451692474104,0.6137981455670616,-0.8691006384768526,-1.999381431238285,-0.1991347723590352,-1.3451145755347922,-0.5078975893212527,-0.17908776139194973,-1.291988644706164,-0.05499841132522227,-0.3480625783088559,0.24817402978682976,-0.35716724251781,-0.23865508794676127,-0.0028881524754665066,0.6893057120949918,-0.6577861240874662,0.06286178529416328,1.487447212953567,-0.7145352244835705,0.7257136460400173,1.6278527115690722,0.8368633079103965,1.8756627868821079,-0.10867064371129241,1.2409150217003087
0.7769757039991003,0.029363708869797528,-0.13420977837978026,0.1936650691812562,-1.3346560004065458,1.9766751844411152,1.753956517673737,-1.2410587426434123,0.26579367391007563,0.2919435245238212,0.6195666836476729,0.9428129132713041,0.0843905353629512,-1.8066159294665414,0.6512386256545056,1.4319612086034093,-0.3988695110457138,1.9678971334055657,-2.5372700609825114,0.5394295803946053,0.3158947868031999,0.5105904246159705,-0.8918757697890497,2.196810465422457,0.5403384012460506,0.2845967519652045,-0.6543787761616072,0.20278326404014516,-0.7048911894729389,-0.7776624088188371,-0.2341157044115135,0.19142111569064768,-0.5297074970588833,-0.5074678064756634,1.7885803445084745,1.292134170703211,0.44019568102195383,0.9323839850980353,0.25710755350703024,-0.09505322986583198,0.7835782188047087,1.0875819505958284,-0.3451336295304483,1.0196711216265864,-0.597789493679992,0.8004667580033317,1.7111436605608645,0.9495532094420864,0.86241278094998,-0.41583955647286963
0.5248394739386661,-1.5226190504027803,0.8622398314429529,0.8449179784094197,0.2633313309311325,-0.6835663599695145,-1.3110830517814394,1.4183721000356981,0.22206087347432416,0.8494179677398594,0.6853436996180958,2.098556282578671,-1.3922588480299498,-0.04468501494319846,-1.752548510487338,2.047465298246786,0.5282113049610235,0.015252518172711874,1.17973281398189,-0.3113046602250312,1.1790962485419025,0.9184613813110163,-0.6623581942592603,-1.5088460672976056,0.32275591137357057,-2.4735089933213543,-1.9280908955797798,-0.2405780678637429,0.34635974646629064,1.236212264474375,1.544648791868818,0.28037081445524925,1.2040404001860787,-0.20498943536744182,0.6001390287988182,-0.6481479992490893,0.15107153351965796,-0.5263714381034365,-1.8936607391112195,-1.3580583364274705,1.3762160359983628,0.5962050570503431,0.4776878393801285,-0.8179365888827153,0.4268993867656765,0.9364961048057054,2.254215216967692,0.23446018617490877,1.6995919456473423,-0.12567579678930013
-0.4389974009621713,-2.185624989836991,-1.44553018907009,2.230166808574502,0.18724392469861714,-0.6572012697827188,0.06660187909899166,-0.5568126332929365,0.2850095881156712,0.24542717087334517,-1.642852841837451,0.4546225222681214,-0.5703841729238781,0.5416446677278385,0.8090925900333166,0.5967011602223546,-0.7472355466359347,-1.2132994881084704,-0.22879977510151697,0.8940713505562136,2.032922964800963,-0.8065905574938558,-0.1392779385280578,-1.3309579544661259,0.9609009628257293,-0.5560627487952585,-0.5784376644393644,0.09639261367381458,0.6842746158797411,-0.05877596101183177,0.06636254291959968,-0.2738952472324675,0.8696694920146859,-0.8569371709204433,-0.5140618545781629,-0.7107703989711527,0.03191645771246509,-0.7226145658929551,-0.20347944448512495,-0.6610962850847565,0.5476547093861558,-0.3821440798100133,-0.17242641284855298,1.5195979417308734,0.23573421854376855,0.1422766248794777,0.8767460254873387,0.20417138750131902,0.16876249847787395,-0.8586382402028498
0.4204171796893664,-0.6967420428571007,-0.4527283798173016,0.587636402289369,-1.8746979612196062,2.1975398155920938,-1.7598088425826268,0.060322120974712824,0.31286221242089307,0.22697711001642756,-0.9410344993694375,1.1702957092115764,1.7463454769233573,-0.6824002516338392,0.7394054398565508,-0.7017718653558661,-1.022132400751111,-0.6985490972690779,0.4085875207355766,-0.676935000250322,-0.8673378919006821,-1.4254415586459406,0.13457065462366333,2.3745458200156433,-0.7041458197512926,-1.0049808372826878,-1.0219966205359738,-0.7709720177645315,0.10541516651968864,-1.0812774232405051,0.41638267203466023,-1.8900219594421341,0.1524652737789294,-1.0936624470535308,-0.10515491939979306,-2.3810936478853715,-0.8411653878818546,0.2192312101412886,-0.5985754266444044,-0.3079006051918744,-0.4012597537729886,0.6570740909353048,-0.9864668940309768,-0.5145568742836831,-0.8349726669872546,0.7919281855966167,-0.10993091774949834,2.0930412121095694,0.9854758808032145,-1.5961060156288054
1.3173245889864198,-0.012593628065703076,-0.09949716197709894,-0.9781566842022162,-0.35359801185572465,-0.5748684445980539,-1.9150416554598324,-0.8714595228206844,-1.2118234954426166,-0.7922605356506018,0.14347982539550908,-0.33933372193643263,0.9229844903542069,-0.1588630594868563,-0.5600774231141673,-1.2002119984568034,0.4554585718346041,0.5025873043733131,-2.437310486846374,0.6597213309135134,-0.4653475475383355,-0.42931240925675346,-2.4206278995911807,-0.39756354632315594,-1.7296267131236929,0.5016520963607117,0.42918100918010715,-0.11290866211411157,1.8450239621566866,0.046604434384479275,-0.15082272252665233,-0.09801885068674729,1.1202869772530544,-1.2353678742093808,0.5061763824268998,-0.1250483607339141,0.19683150249144213,-0.030221589732409536,0.5271617372817964,-0.7571426819083573,-0.17166010619441074,-0.36160496015147003,-1.3048868577241899,-0.1988794245365509,0.9833694794400485,-0.5922107281093706,-0.23584690627731544,-0.10503387020544702,1.0083683208175847,-1.3494559441641671
0.054204659795698024,0.7617859563602946,-1.7461061134175686,0.10712769620444317,-1.047385848530162,0.010239731577662642,-1.394448754708838,-0.4656669455506125,1.1227519402450696,0.7236120815837693,-0.17689751228452502,-0.0030844994398493983,-0.08942403872296775,-1.0979913784788156,-0.4233187004948487,-0.8095680762053863,-1.752012065480565,0.0035313406419654274,1.5174629818166925,-0.05510066641116544,-0.9114439967796633,-0.9886395426574065,-0.3960190842116835,-0.020360881789090353,1.2375811241674326,-0.8745130312131465,-0.7752120698814517,-0.7513109558873577,-1.102176058158775,-0.15650941199982604,0.4701935819922008,-0.24877522713175348,-1.175625997474583,1.129874945656058,1.8709550240971122,-1.7205020046971438,-0.027522695820165782,0.1983195672489945,0.03523576799206079,-1.2926309670073506,-1.3629575483939589,-0.026333784458706197,0.9937124460732283,0.7420441033050124,-0.5658422062688877,0.4504508188285707,0.5666587570032655,-1.3039675685097583,2.904323310054456,-0.2311440416183887
0.15555102425887313,-0.009407247823936756,-0.16010207785510874,1.0240745942520695,0.5848501423912453,0.20923899462620987,-1.8516966581741887,-0.9888257878492152,-1.903042698230655,0.5650330338819078,0.0699222064625527,-0.42238688646595046,0.1700416894412512,0.5075466674890422,0.4639805877185097,0.6334605506544063,-1.6989239910244103,-0.19131044656090665,0.8962416526256238,-2.0413828331875346,1.0068285053702062,-0.6542734934742468,0.4586605664306418,0.3828037850155972,0.6317741715987969,0.1299182985214983,1.7265859485562303,0.5130050051184234,1.114837424366009,-1.1511030692302908,0.5973427131618902,0.12044900129258439,1.1831546881317265,-0.07216117723490312,-0.32361526342765545,1.7650124000087157,-0.9077999404880244,-1.0022627303054676,-1.803590408247959,0.6869543293914508,0.6471920142756633,-1.5390885595437926,0.33507150243954814,1.7964955623248777,1.9685744716741225,-2.3854428922284563,0.6776544211235194,1.4220785042957047,1.2328121733721895,-2.202166418399562
-1.2479707891834055,0.3619823531472862,1.905395534669194,-0.5210943887777931,-0.5244194980070522,0.539698011644177,0.00022141777877104007,1.6762076300637394,0.26397638209847374,0.6283503691913787,-1.5993094301412414,-2.521849674030299,-0.6670987485401485,-0.7040787650183614,0.9196165299014019,-0.4664616987346269,0.9286686654531886,-0.7231887116991782,-0.7172936217031232,0.4385680681099749,-0.6402780133448578,1.2849401860252672,0.2891960165932672,1.5904094551506587,0.26897026146883296,-0.8815397416824879,-0.6551370775914296,0.4517881069605375,-1.097097697047234,1.797125951818602,-1.3175621746420794,1.7847418444637702,0.029405020901479673,0.27898219366799404,1.0265470003770136,0.26451815950603347,-0.8238964307367569,-2.776536763313282,-1.1210908052679702,1.0386019637720598,2.402752518250131,-0.5508808547496985,-1.2801119802753116,-0.3485776911215273,-0.463310388381694,0.743468539143156,0.3240125456538261,-0.11317292512238428,-0.895075153854729,0.2815315880270336
-1.462928062597788,-1.2692573371014675,0.1598083871005122,-0.24555912623500722,0.6768911478255897,-1.972077958994307,0.37255356859846667,-1.3766751232402104,0.17582769028356052,0.36163693551737175,-1.0396703315888225,-0.4954478064154818,0.20180115817903732,-1.5632499505031736,-1.2831311572727517,-1.0443064584404278,0.6472472244939221,1.165869880866364,-1.0664018653652203,0.26195402990320565,0.45758987945108487,0.6145345294580393,0.37678738267005046,0.7267894006480703,0.41610847421601643,0.739579900154353,-0.4026519604324917,-1.7594755660965344,0.34526934507021406,1.1363704621001076,1.0776539382215156,0.6641263281864377,1.2304224787624554,-1.0824876827463923,-2.3138175384777067,-1.637061775744862,-0.02785392486892204,1.1708844283173472,0.4573191190615373,-0.23294234946349665,0.3856977534455306,2.422571038777579,-0.001494809469292025,-1.1559621467112515,1.9948710302011978,2.093595195649146,-0.0175705417894228,-0.15121296770887302,-0.904040985924278,-1.3373349449043166
-1.010767925207411,0.04508138355332235,-0.2594118028622197,-0.8102311630798932,0.29779959430105546,-2.1420481892857977,-0.5330811844676422,-0.6665602423402899,0.0012167600139064438,0.798354074544294,-1.0491735115792518,-0.05255004613947328,-0.19227501250335993,-0.5784878271525555,-0.6165368783460312,-1.6460910801813033,-0.5105144818710065,0.13137296549812613,2.438674018972533,-1.382952609074673,0.027553703777865538,2.1076382522977077,0.5178059294345243,-0.3635159801822547,-0.0855846227393978,-2.9791551591117247,-0.17494252744477434,-0.500930165810032,0.2153818882602817,-0.30379807191121266,-0.2224226831107402,-0.6369080737907422,0.05331877130226826,-0.12770715595319573,0.5900163885616483,1.1604796996087174,-0.35203233982381993,0.9497795561637395,0.8590867928026652,0.187401945263915,-0.1930897304743025,-1.1380126168511004,0.8440685581908888,-0.46324450564890596,-0.22165723816938152,-0.3664528478632812,-0.8669864953266433,-0.61714135092236,1.3055037716181936,0.9772902295548571
0.767685646123089,1.495256860512433,0.06178367966144453,-0.22273205893030967,0.4220396451105606,-0.07070618255849372,1.4517109731247475,-0.7635605875044521,-0.3287099191081451,-2.313134865041848,-0.3569301151519934,-1.0704332453258198,0.2931836234348836,-0.14922435778739157,0.047908009997476284,0.01627985203275965,0.5243033660750863,-0.6633564795362279,-0.12431990427762847,2.169417027694793,-1.0471678443261443,-1.1945905885076076,-0.224847650357881,0.467440031268062,1.555099453131778,0.4820922168151336,0.6106649781868605,1.5201417644196122,-0.07568406603306234,-0.554237120144989,-0.7866201120053915,-0.2200902406880448,-0.37079767765541366,-1.0017265797119912,-0.1418964186774401,0.1807862320128927,1.1106405839618545,-0.36851497894883867,0.38289046538694066,0.28170400524994954,1.3133148646995343,0.19211111544946022,0.33076487912818026,0.7762343894974116,-0.2208748139951576,1.0561631372289118,-0.041093197878331635,0.2974502818387111,-0.7470343131688827,0.8389121200153031
-0.9236529101103403,0.5624522065852295,0.017931603680239203,-0.618910170593901,1.2360293518578007,0.12790491102320703,-1.7609926450511226,0.348297301160609,0.0399032969329176,-0.9670132913606208,-1.0069216654205837,-1.1836924338147268,0.9928675087669199,0.6889533815637898,1.8848310381148692,-0.621756307577921,0.25969857337788915,0.8848544449553105,1.3650767108737767,1.158696725565383,-0.3265185274323705,-0.7185183615587828,1.5292084914102733,1.3680762687130172,2.221970472776596,-0.08116718059966763,0.021460182776357896,0.7479478632794747,-1.0479824638919464,-1.3533268404926697,-0.3674756103083707,1.027579549506019,0.27821442886471404,-0.7024459535085742,-0.9671923093577462,1.0236087422157196,-1.290889163045282,-0.46806371120866586,0.049414060306519264,0.17824370679471913,-0.19389528440723808,0.28440805466505203,-0.32346887159064563,1.0787356232694043,-0.9080666500637318,2.496316736097617,-0.3019568090550255,-0.3516263629049894,-0.8875369484299462,-0.12260474517451382
0.16279021933880541,0.6744476527117308,-2.3540238310561805,0.3670192022890111,0.873274571975925,0.4852685859176071,0.33924682462888966,-0.34576361150331686,1.100554349290733,-0.9393870388244752,-0.22591045303061572,0.21103679099763872,0.6484620975371679,-0.17829872468317193,0.03745882619265105,0.7172735013718103,0.3728308406969518,0.04048323328004006,1.1319490055321986,0.4694440109223122,0.3604388190161586,1.5010635981370712,0.13480615838696552,-1.627001623190298,-0.04352831392551524,0.35600493981874803,1.0210808089326653,1.1945116902631103,-0.3676634630570979,1.3220645313892345,-0.7492229271078756,2.0268126625015106,1.3216761574129334,0.8984001329792237,1.1357234712683155,-2.4580226892410124,-0.4031977183649065,0.06938126000176752,0.18878619815332592,-1.1861980264443612,0.0028383062597182518,0.05206056680123597,0.04567341790027098,-1.0469053619539284,0.14721244334977937,-0.18870619658266585,1.8430658446609813,-0.242039987295594,-0.8517457459388789,-1.2971884943699592
0.39942059506099686,-0.3355189939757723,-0.9863424811755581,0.3674429340784543,0.4354060492991407,-0.7974233246236458,-1.0133615736219113,0.11200680497721303,0.4285881845627971,0.08024403215191798,0.27431384362565037,-0.44066759833927954,0.1546726971773595,0.03210240573496588,-0.5769326290079708,1.2758447937675785,-1.0387258835786688,-1.4949336068781705,-0.15381812576638906,1.6210444987755819,0.037288952678853585,1.341666505179062,-0.009308410949684084,-0.04829991008970387,-0.6352352889468426,0.5847082907864579,1.0819218050134387,-1.0758825739309825,0.5413474537054752,1.6569022905478474,0.8749804650422394,1.0360045374694753,-0.20516414148194365,0.7406778211507061,0.8236314860018044,-0.5216734701307182,0.6266692685034222,-0.5232867057554882,2.4126919376276295,0.12553176741891087,-1.5668489890366482,-1.1203894180689173,-0.5188031224411637,0.67573103086015,0.7091732161248394,-0.22638915693963246,-1.4207755243936178,1.2075407661050896,-1.8386578096558193,-0.8138986575903192
-0.5590233235368408,1.5656690992971718,0.6348659003989211,0.10847791752404462,-0.6662961686769174,-0.44991235062085544,0.8288788055666078,-1.4608677560288,0.4217062440375936,-1.338146508430579,-1.2827373366862027,0.4698005393048096,-0.2418466466302836,-2.9439495483758216,-0.9059740123418121,-0.024460085490027084,-1.7029779882746094,0.7467619342118759,-0.22267473170885138,0.3146583506635535,0.3571033345288518,-0.5587262884364058,0.7096753619981426,0.27809434685491746,-0.39531978076775165,0.8980204672979419,-0.9582163485766453,0.19508392836265417,0.12756329335659217,-1.747480011309455,0.16516628669610933,-0.06962785951964916,-1.187736848859946,-0.45223397906507623,-0.8699563712573333,1.31450521185989,0.6924740572359673,-0.835041622365375,0.18188898080044966,-0.08922180148366132,-1.1175325103112363,-0.1766957625172693,0.03811739057258053,-0.07401836482347074,1.1928509183660345,0.8915568660119247,-2.447495517548258,-0.05267419164858614,0.4448606520039226,-0.40659285830681097
0.4500325590846503,0.9696313803328539,1.1971998962936892,0.05944975560165628,0.26034116318067285,0.2119618444126434,0.24993204795968724,-0.011826075556900238,0.13683450728056615,0.647552615852231,-0.9819247397787675,-2.0518066817493597,-0.4890574510502141,-0.7234559558709366,-0.9206908071394346,-2.66529175478172,0.7748622655385897,0.7054030581388152,2.9252880325751187,0.03319282202196193,-0.15622080227377155,-1.1433106373182405,1.969030814336907,-1.951508228084409,-1.1857244996364193,-1.3569994839212929,-0.5449987679954427,-0.9113143157424242,-0.8635972844275223,0.13078692227989527,0.8881127645979512,-0.5389410742200671,-1.3128424316000733,0.2698939666329574,0.04071161366797824,-0.3381108481891317,1.1351558685808298,-0.1372979489833507,1.3558981309909957,-0.24031936927355746,0.606006608013549,-0.03865831241799169,0.7948407030060097,0.8262084587284864,0.25694191103116604,0.9549127614937839,-0.7570959310723119,0.29290965039636196,-0.8076057971259158,0.4345983774220482
0.31565151598980634,1.3914555277324603,-1.9953584443261843,-1.8600551870932032,0.5564027683473727,1.4064802603392708,-0.38481896056309123,1.7785118289491626,-1.6124583684673213,0.15074637240501274,-1.2125277853390308,-2.367710397979573,0.23830188487411993,1.1536713859621712,-0.2010026934566527,-1.8475064171180555,-3.0708153842224855,1.6434998724118626,-1.0406948284689743,0.19153633954320234,-2.027623963133715,-0.7603474398477501,-0.9218252040974009,-0.48958160934326334,0.6867435588213513,0.28136600321265276,-0.0004064657057815623,-1.1637021966391938,-0.3766765904961901,-0.09696638479038351,0.0928267693053985,0.14350626618922027,0.4175518887668878,0.1608823200027734,0.1647586476328604,-2.0074945235348323,-1.894899784097983,1.5448531796700113,0.08465998787064624,-0.13612756257068315,-0.06465651917750066,0.1740312027732926,-1.7102358472934756,-0.3371486755672396,-0.2637471041367548,1.3720280710848458,0.05339064184862316,-0.3750999150621721,0.06767698008043437,0.07128518631317601
0.149633304110842,-1.6387486560661626,0.0994525602294392,0.7786323790747439,1.4727579404363504,-0.7827929392879076,-1.4345724386200374,-0.07056805772290728,-0.16954344954758754,0.2992708694140273,0.350329300996818,0.39730889278346065,-1.1829294941144035,1.4177203280673316,0.06092794070623183,0.6344311507447469,0.13938428899901853,-0.3383210605010078,0.5155632537488226,-0.6665731962235029,1.2985788792625004,-0.6069548887720358,-1.1609527547906537,-0.3099703803486821,0.9096737920428133,1.4325656273370537,0.8180931532041594,-0.5334327263387402,0.2223237904412772,-1.3037772581428422,-1.2112849133380428,-0.3897962797097685,0.8945133979760532,-0.07270827718049407,-1.0352352302643428,-0.8075117686447486,1.1404916794744338,0.02427873472395266,-1.0898468813299482,1.8035801383534233,1.1195999084283854,-0.16482495091209323,0.38315576372155874,-0.35850187404930317,-2.100883863779891,0.2931273407272825,-0.6578603498791283,-0.6082414294273542,-0.08883711974386009,0.03731134014279214
0.2567883501093756,-1.3255324550693255,-2.4052979333873448,-0.5100449379680471,0.28342052528973405,0.34803926654686834,1.9593795160405432,0.41376530122411276,-1.1353364921197027,0.5084601686085324,-0.2247697462247261,0.7566349611629652,0.6324842059003274,-1.0039254625782883,0.18474549954773084,0.14996782886124502,-0.8775199713873318,-0.49173779072883395,-0.701891430363065,1.0206047360167028,0.8919299251978895,-0.046969805862157536,-0.8948003525145332,-1.6219390524409574,0.31671358807355765,1.0368595386022208,0.6265284772734908,1.203461438322029,-0.7746904749535285,-0.25688934825304705,1.6249886707783112,-0.18670506403594633,-1.4838964649376554,-2.4598033835350246,0.7597167791469273,-0.09816425789827282,-0.1629997462317086,1.3013886991314663,0.45328745425889766,-0.43713705834044303,1.123118545759675,0.9211782996915514,-2.4181889620183035,-1.1483281614238146,-1.8874051431175594,-0.8550573709275813,1.652157808555446,-0.6704070740046137,0.1220955754627454,-0.22107876412371555
