-0.7694807456808913,-1.136284815388755,-0.747761437903686,-0.2905365367726548,1.4322535971257346,1.3997072150305794,1.9531605974851456,-0.9399294839325143,-0.6245459492863037,-0.26618205448262083,0.9591979384864433,-0.7960133984484187,-0.3090320079857347,1.9219975520345378,-0.9020551917712879,1.113583999342762,-0.28271248869195076,-1.2291032234917623,0.06689532002343293,0.857314860177342,1.030258660871584,-0.4350505506243579,-0.3659354732054763,-0.34246436757985893,0.37912189181782363,1.871448486167359,0.5343806268109099,-0.39402578276137373,0.3321978537128981,-2.0320331379666743,-0.6664284483074465,2.1262883129764996,1.401545423979409,1.6516063126601965,-0.7767993848084943,-0.7716519002657749,-0.3440401302682114,-1.6072769138581655,-0.09651310558938044,-0.06866226930748777,-0.262115870177006,1.4698957228440337,-0.11034010425999752,1.4201800279970194,0.30370669724275995,-0.3043944734293129,0.3678517598350283,-0.6042151696176465,0.27644461625437944,0.5793775652838993,-0.18716375223783602,-0.9132544362443173,0.06214539461328523,1.5679160575548992,0.11186975476927628,0.5810705022940114,-1.8291130405175753,-0.6364167567216445,-0.6897536266785843,-1.8209524086930693,-0.40558102534104884,-0.3804719542801843,0.9215289781268956,0.23588631014114428,-2.37267694680042,-0.9831884887285041,-0.07359566964785617,-0.44394104550638536,-1.3275654821235696,2.4775403272651277,0.6246284125228351,0.7444186227095027,0.6748648839166678,-0.9370559719769811,-0.5898273406324506,-0.6072410928706456,0.1819510926259976,0.4601104242365701,-1.4495657511074675,-0.9428325449425973
-1.6071722737226097,1.073386731069768,0.5602777622509764,0.8164087804660384,-0.33184669963342056,0.9359020812765001,-0.7349530661055471,-0.5869037107422379,-0.1510590246573023,-0.9890214001164217,2.1907818463005277,0.1387866001356498,1.1029020059028034,0.3434461851380477,-0.721435312217726,0.933458478801201,0.715954302386905,-0.2128986336684551,2.0238040839153313,-0.9792229674701096,-0.021519175890003628,1.8028984202567844,-0.3127866704371924,-1.5190830506274031,0.9860793361927355,2.2678568831424206,0.19036842980075203,0.05717162164990085,0.6541210876519381,-0.7845862563521072,-2.7025688104063126,0.05006881136797697,1.0599558644206781,0.7399937350620561,0.41931060536775666,0.1435092334248818,-0.09801289872237924,-0.6135492765398091,-0.8112287101072809,0.6577046553936937,-0.17066864707246465,0.2810819280448429,-1.1109679526071798,0.492485000321646,-0.6890150516025363,1.7518878104072735,0.010472324070079815,0.33717277789189104,-0.7198338267672627,0.7198838941618722,-0.5187980422219145,-0.6004486584429003,2.3164326794353696,-1.037636397059245,-0.1672742771051994,-1.182698316236698,0.7085574218736552,1.4096860233365638,1.7714317320822404,0.19590682730310272,-1.198002339680068,-1.0238500979772733,0.8139551603845517,0.055218946617680724,-3.0655429494437016,0.4654140227266593,-1.1083103115210444,2.086424733191548,1.5568013596919794,0.28764726175397587,0.2846647853950376,1.4120529778424766,0.5398708367107687,0.538848822772564,-0.32832564108380596,-1.1302835204986377,-0.23175709882524362,-1.1162315479548346,0.5175685380453544,-0.4878100373055827
1.0256219082435485,-0.75618842276653,-0.27655681376507246,-0.7832556407046378,-0.378414908481006,0.6139935081751063,0.544760578197492,-0.15147052919853737,-0.7716078292885122,0.30937579234598184,1.2474909854833536,-0.2749752188358862,0.026575408045762926,-0.6285860499061551,0.7932410325277556,-0.2877426925084464,-1.6183298754397106,0.06035616955188352,0.6065041210777379,0.6644546824477087,-0.872023865793434,-0.08695033861759671,-0.30596542980429714,-0.9947827292315534,0.91108458759152,0.8506476673311189,-1.609147721554241,-0.059766751735544334,-0.49010097951001064,0.3212389069508538,-0.10009566093268922,-0.10519560097882578,-0.4063963877970448,0.2526807700119139,0.062425520986682526,0.5963375031106845,-0.007843976619924597,-0.35649132450866927,0.9351108596566157,0.19920149627933062,-0.008485045833026247,0.8030412230170008,1.082391407502528,0.1394532869973658,0.3181488448091494,-0.7055636300853362,-1.4611598401936137,-0.02898107839229688,-1.3864809484897922,1.5071453401178556,-1.0057930350239672,0.5373540469225818,-2.2733463689641615,-0.2942397899546532,0.21362269166038558,0.048663387441802555,0.7360632717443907,1.1523450377897948,0.9504511058340323,1.4988104275436636,-0.3972406105021303,0.42652566361655103,-0.37773400033285276,-0.11155332787517273,0.3879895855156161,0.8605596779220746,0.637322179344599,1.2059696082510938,0.37871165445475985,0.7196833899571045,-1.1848041171887704,-0.45491393018183224,2.328738944999173,0.09867840160279209,1.628985604011311,-0.4334854453737271,1.7274127388297202,0.1488265054053311,0.13436553261315848,-0.07347178855752429
1.8474906718280588,0.5404757134444288,0.1733162087158894,-0.3965006007199751,3.08618911845666,-0.24307520945640307,2.0725678278807766,-1.0340729757048803,-0.4878358690994119,0.0018462143896566519,-0.38317395060655907,1.6860984119505917,0.4656373105683106,-1.3222136797363278,-0.07972591848847624,-0.8124115594879164,1.2682544319254323,-1.1620966043935383,0.5222015059753516,-2.2333788928561913,-0.49987513268293,-0.2043556796384248,-0.3429960648354276,-1.0393776605743272,0.1370591680149203,1.6341277709640467,-0.05257632528622189,-0.6811464071421485,-1.8556398109802408,1.1209216599567968,0.666418796809349,0.013254997742661617,0.21599514602854802,-0.20347316700801546,-0.8790112364081402,0.7006291819620081,-1.1679624443653416,-0.2777733570710025,1.0191313278750433,0.9533236151024196,-1.1173456555567554,-1.0901251536001586,1.032295840259992,-0.20845657034281734,-0.8942618404374182,-0.36427126729298254,0.969306626913157,0.9847314294169651,0.15278186554243078,-0.44593431012373447,0.13312454198878357,-1.2307033519238582,1.1545404611385444,-0.5637456169661588,-0.118184132919348,0.3111430160622205,-0.3654852393924857,1.0407257090634354,-0.5039424957474622,-0.12272335367008641,0.3914545319880673,0.8479401106854881,0.017079139988828564,-0.14872123397458217,0.6402466147037188,-1.7167126818951781,0.4427993793429536,0.21832355909957177,0.7738834460532185,-1.224689308259021,-0.15458505181219795,-1.1804668476986113,2.014732936188493,-0.2974049385581733,0.5676785868048091,-0.10896387372931265,-0.921075942032541,-0.36409395315170423,-0.39608856853629726,0.11180430742678812
-1.1529233722550414,1.5501614294241912,1.2665382331809751,-1.0159488149091258,-2.1471678205470535,1.106577661342085,-0.5553052220737745,-2.5090723585624937,1.199363819045278,1.0816048694122182,0.49196207308954387,0.5412415388114791,0.5390249187176539,0.511155809065265,-0.960605617453791,0.8376708647417691,-2.268708509304697,0.018397078267150046,-0.21506471986057407,0.5368293718330948,1.2270647463207653,-1.0770069155601427,-0.5087715212000478,0.20809172996496633,1.5318767321504339,-0.7360730503876423,-0.8787660508855425,0.25967040779874323,-0.5088539246853155,-0.02171809423915783,-0.2238940179270483,-3.1027952496316487,0.31974466581052163,-1.3250757720881177,-0.7701085550875121,-2.243799141730423,-1.1466607970258968,1.318240526582672,-0.47301297582929014,0.014625430612479326,-0.32517250909834977,-1.0896987475323654,-1.710728724725846,0.056771373337435954,-0.5453249497010754,-1.7570116280974173,0.046030126620651826,-1.3239255228040752,1.0943140613448763,-0.6305351691036308,-0.6409342262634982,0.2961166716536857,0.8409605898861452,-0.4856354595245205,-0.09308897674209021,-1.9661370584235731,-1.3631949622339106,1.4298462936736336,0.7405372989629943,-0.7834965344792967,2.4911816405069396,-0.13042020396790197,-0.6154285672022066,0.964219590376998,-2.2167553979352665,0.41122052637922774,0.6122567004913928,1.225242320254834,0.47778523548704743,-0.5927334647211179,1.2283106135774666,0.7298565035336455,-1.2322888407025396,-0.9830671508295757,1.254738552605254,-0.42460164925370314,1.3935599082211982,1.1306800691243586,0.3070377064400448,0.607388930170362
1.8873645444913862,-1.4773038370952436,0.270324968789495,2.2985538395330276,0.7366549792230788,-0.6212107641956474,-0.16057000541682107,0.6586876784664588,0.5171850728544497,0.5951229065482244,1.018169586675799,-0.5917009093293957,1.6122363205506816,-0.3925206499004436,0.7986655137378329,-0.19080290870478633,1.7959214236391643,-2.358497996947019,2.1912658644782654,0.5867775090170861,-1.4593010260629256,-2.1885389412060032,-1.5489859652197915,-0.25417246354957995,-0.31742994724854384,0.9900519493322548,-0.8279889792979422,0.8537053054475028,0.3005848120022907,-0.014476196606886267,0.17397232098737647,-0.3425436079675201,0.8627473518359486,1.1733911320122432,-0.088017571088893,-0.049522163636638084,-0.8691141578826684,-0.7721018540571859,-0.9059577314586542,2.0158333543742666,-0.11495176825895194,-0.8159810009187491,0.538718483461313,-0.19872373038760754,1.5362266880851545,-1.522946297753095,0.1664638391778891,0.3851165578920237,-0.4795488520625525,2.0646135661787532,0.8539314596032259,-0.4961280210779478,1.5405325662768254,-1.0459656843988272,1.2696848985558067,1.420685332496054,0.2727253100495262,-0.04070296686496939,-1.4413890322245229,-0.062028433104838736,0.925230355490511,0.970702983943577,-0.6387394853414885,-0.2299808514961689,-0.4700389318367044,0.18961144200278407,-0.8636806405117639,1.9639825500291737,-1.8545460747306843,-0.30493222327421093,1.0517390754318798,0.1232859865281303,0.39859317718686904,-0.4087273827297939,-1.1280292150309161,1.165214441725163,-0.6233524441323355,-1.093940025137933,-0.05392155782910888,0.9141277216687126
1.6278386945966827,-0.19769130425056466,0.31780626067885254,0.6500240647642475,-0.43146275733389156,0.5675295565908315,1.197079984818461,-0.06487880494939423,0.5470659223125257,0.6539232909937649,-0.45863345568121894,-0.4229351570526407,-1.9885958441019103,0.23745157751227136,-0.4504399176530856,0.5219359992452006,0.3414462690994949,0.7248819792644303,0.6037549812657083,-1.2197875832561977,2.536321220860001,-0.3514271715157072,-0.6447528680198369,0.8760471559098171,1.052168097188685,-0.6673868047539756,0.782525616816808,-0.03999813101770995,0.12124772011792767,-0.5721032679553647,0.7939568189420402,0.17486148299364757,-0.05970255348379782,-0.4175496015020193,0.6850575811809085,-1.5647903623232016,-0.0026545596808036378,0.8341985398558438,-2.4633994874535268,0.22720894643724315,-1.5030293723812935,-0.8859115560990345,-0.22535696053049542,0.02888421026710874,0.15882009673294728,0.5218723568199675,-0.5660820282566104,1.4225990197916556,-1.1378523557068947,2.0473372104383163,1.5261364706200593,-0.9725673251752325,-0.9273043769527006,0.9102338753740835,1.3510861742715918,-1.3353539092213456,1.1718597487124573,-1.42030034998868,-0.7317134881261423,0.11945021035601132,-0.5194107562595259,0.35845437102984445,-0.11451933225607758,-1.5323994462796964,1.335086599939442,-0.29882742099848414,-0.06816109117757896,0.732606499817593,-0.5511389797210559,0.33856361979234595,0.5882644382346294,0.12269222286675173,2.0935216367008738,1.9096809594465707,-0.1984799319988238,-1.3263880545736397,-1.4756554581959138,-0.19469946666280188,1.939359606778145,0.15338926142577605
0.9601879083972225,0.45401885737789427,-1.04288670345669,-0.9462802155623632,-0.6695742938679301,-1.0992533265309616,0.2389684089658329,0.9387452184969451,0.20827473587444947,0.9402515050828423,-0.34269389902351105,0.8824388208028938,0.10034501872305403,-1.055332079054039,-0.12905247931460284,0.09349110636513491,0.34504099716256614,-0.5842558067654088,-0.8949428207038429,1.7340238456118906,1.2212115480644863,-0.46739297772061406,1.3994102634683534,-1.15994224597485,0.46376076918082015,0.19792255113343815,-0.2998734447058723,1.77258072953018,2.1103739719146777,0.3919964951197014,0.8220417664338286,1.5364686350084926,-0.2424911927138245,-0.19848255898794953,1.8647574729603882,1.1932770651355311,-0.9265968937275583,-2.0417745446803774,-0.41200244906302014,1.6203336063831288,-0.9664166540036826,0.9264398486001019,0.9044394230267222,-0.5933631728830215,-0.06066342835677065,-1.1207377961269376,0.41788065053635426,-1.1944618533437703,-0.7027560755251342,-0.18579986900373707,-0.5038880337440039,-0.14952738085486825,-0.45887206637590017,1.0822363106579016,-0.16367233254705457,-2.37858510877337,0.11365968034692558,0.5869245376182489,-0.4381053763258484,1.8300475727464058,1.4477518279104524,1.6556013373380534,1.5485745787942808,-1.9392144071782824,-0.8356718431037454,1.2258216322329025,-0.5377215485352816,0.6670402445990734,-0.09786730503970986,-0.4728275164577143,-1.7695581372741247,-1.2352643034388548,-0.542291525883016,0.12467201231552623,1.701526016719914,-1.149021868843685,-0.6317302227925483,-1.377064131852333,0.5111093872496641,-0.37381856979973094
-0.3726658310070214,-0.9567614087288847,2.158350400261266,0.8593022024005124,-1.326725150398879,-0.6794729548475653,0.33601778474321503,2.2728289044916976,-0.5429790285643811,-1.1323138598050524,-0.949266609130084,-0.5613269324817387,-0.9628473744469038,2.3409901688862487,-0.9654800313935683,0.022251231821509815,-0.6260555366469949,-0.43733721417034044,0.8448976114288939,0.9948361522545726,0.20794637137129598,-0.21980974828893396,1.0347944238965479,-0.40423773704298094,-1.6935012921686907,0.5185864849688936,0.4112386074290441,-0.7174853214848341,-1.7676156788649562,1.8727886714058568,-0.20161983206868772,-1.7764877574533677,-0.22804748653893683,-0.7152415641211576,0.002481140115315559,0.3652338998147889,0.06853523814624292,-0.32333862772949085,-1.3178991164086398,-0.6977590516246324,0.46142042477586814,0.5210448764099647,-0.46821313011329235,1.1954177335528982,-0.3725448654849265,-1.421738884711718,1.775711293376889,1.37467490901836,0.061334889216424174,0.21925630449725864,0.6461337141009607,0.747330169329972,-0.1991520124282527,0.024060205231891264,0.5372853508627635,0.9766941767758476,0.5876305983701008,-0.877322306689168,0.19357217027046916,-0.3346054467967814,-0.9475430045425066,-0.5122539861132626,0.8754704963592899,1.3624908937606717,-1.3784442857357389,0.17805108229660435,-0.8486882443096926,0.9339984974250385,-0.34541926623496455,-1.8351107847938708,-0.11274994788300799,0.38560014844121665,-0.9409416359584587,-0.5608207910057051,-0.14656140233815548,0.21205910662070332,-0.46987820563848254,0.5891037011020712,-1.0442424333073903,1.1882291658112396
-1.1243385389398246,-0.2752605370952982,-0.4872789614456837,-1.2193179421242517,-0.7636317524953824,1.0810080046941843,0.24967238390657456,-0.5653041771633242,-1.5440353051413955,-0.16049538767938698,0.1628759513630651,0.011955358106013454,2.126760609851511,-0.15919713369149135,0.4895220933192632,-0.3215689262581053,0.9347048581737102,-0.052937754468195417,-1.349804898375994,0.4310526890996776,-0.8238028466961843,0.1812647462752674,-0.6767595253019292,-1.2717700457728192,1.1729728846473335,0.6562840492946366,1.9107481777769313,-0.8210610911152652,1.2051059449235921,1.032119483913522,-0.6905120845703496,1.0682156884190017,-0.7975784938341075,-0.6951811728435798,0.008645240411433499,0.2917217275746422,-0.508934689305425,-2.6001600236157643,-0.31826534162577325,0.8990560049538496,-1.7317471249279561,0.8309719592012612,-1.5123173075570862,-1.2573081747089256,-0.3868360185456054,0.12004056742164715,-0.24272927711385087,-0.21948865145344412,-0.3014335923260625,0.29481746095638917,-0.11872084117411022,-0.2119017740235489,0.25161820213092867,1.0227358206761576,0.21693877265261577,-0.4663355110920311,0.9213716303411431,1.8361115465262363,1.3418310658074657,0.5411541326841987,0.11540604132111235,0.07371469023922171,-0.3283629746018956,-0.7187466842913695,0.2164108074259901,-0.34361365602313076,1.3463171970918162,1.4532990132116832,0.6543006399299172,-0.05870384961211717,0.45271361296642776,-0.11823755142948066,1.296004934876104,0.040168083002602585,-0.16852066848380895,0.368102995391914,-0.3001786162230556,1.167676398310654,0.006266527179568413,0.12958675544026932
1.4547415167268734,0.06159009593597225,-0.9870954218558894,-0.43670191567634287,0.19213511452392038,-0.25619298949225267,-0.11402557828300734,-0.14767093188687014,0.7572697382583603,-0.8161776969800879,-0.22914264771983398,0.3447537182754839,-1.2007891606445356,-1.4513580121016543,0.45445310905146435,-0.6431099489723936,0.48137701935953386,0.3075070780096076,-0.5319872331997839,-0.3366960855209289,-1.5137820615819018,0.7053626002454617,1.8030619140875126,-0.02375327425038686,1.1726990774083483,-1.1852465713859726,0.2959985235164758,0.737759537761726,0.7358586952400372,0.31414753714175014,-1.6799763397977563,-0.9553704068959407,-0.10701355583570672,-0.8260048214602724,-0.17984636726582373,-0.3746711271036505,0.0462277250800679,0.9884684235867225,-1.3456211736677977,-0.5458143125390961,0.9014405124204536,-0.5009113850574507,0.2158236626525198,-0.6156813778350929,-1.9015555316118165,0.9584518189960743,0.3787852327281821,0.8248743913212788,-1.070274750551536,-0.40333501578265096,-0.2662620177233872,1.2439345446015604,-0.9667364108014341,0.23845540879487484,-0.0043504766646958555,0.32614079162299775,-1.6224011544182733,1.2886124266210963,0.6934409399251314,0.053124999221852265,-0.0281583754341357,-0.9313641359651644,0.8453282935154773,-0.8615683917950744,2.200924356916561,1.0710353612747152,-0.4469748592896516,-0.8224661411880323,-0.9372835420284069,0.7482869312779222,1.468652367461418,-0.056041351728379436,0.38826852740732926,0.13027258221355914,1.3522958411901633,0.42923035642667606,1.2344115501693897,-0.09081921842686803,-0.35164663179974986,-0.15120059232495045
-0.5091588651931437,-1.372602036196326,0.7316457540740053,-1.7995003753315932,-0.00961092003690183,-0.15509534621962762,0.13113087639695192,0.5324220352949424,0.83131827233909,-0.46966893965163237,0.5426608581070326,1.290684928044115,0.3169081321537279,-0.019901843274462816,0.3405116644733563,0.9041081868708956,1.5765162302968594,-0.3707700534196666,-0.45251782789526956,-0.29947887013279517,1.5865275092964033,-1.0616852878980096,0.7087701217720632,0.9450205045277255,-0.2533024342625997,-0.25365051585306747,0.6487087723820424,-2.4663894025263455,1.6184563183396194,0.1436805303322342,-0.06554011281914308,1.919463010357559,0.8172262194048859,-0.06903423683194769,-0.3944145001860464,-0.8801776303638433,-0.4851589160553692,-0.7765799572769211,2.132643933956349,1.1575896969170898,-1.4641226130645797,-1.350425182098594,1.000468570763072,0.03141580516290254,-0.43593821478425265,0.6694684729898076,-0.23111935844768108,-1.4437771161929465,0.43486585233415903,1.0161346532260764,-0.5935160960168789,0.22720859777769786,-1.5849812252521578,0.11677070162137869,0.8178069644610639,-0.03700147914371076,-0.442055245612744,-0.8424915437699717,-0.4507871310109012,0.11330906647555619,-1.300845541402722,-2.6276176956930204,-0.5326821226600847,0.6006964684836487,-0.12884100765840606,0.5161656189021282,-0.6890471442788003,2.880477468988201,-0.5343254591181914,0.6889291667211423,0.7079884220332314,-0.863488695337045,-0.731312029673286,0.4749472453844618,0.38921264599197575,-0.06022810827042809,-0.871951270769827,-0.06795154996862846,0.4465823912888966,-0.954137277139709
1.5543867557605886,-0.016819308585871096,0.5631722867823952,0.521978228431846,-1.4896842369943835,1.1603709797900714,-1.0284057835900393,0.5668959337618201,0.5437107514584484,-1.1691055747760637,-0.09207206328758533,-0.1348111149036467,-0.6270843070848777,-1.5815854746410725,0.282759189020184,-1.4436124886526205,1.2950549964330436,1.0798485946287213,-1.4044388517190287,0.1273142249423463,0.9082820866452644,0.8656263543831895,0.2506711655962161,1.6982876475201587,1.552303481699766,0.5416867946068733,0.8857668166192205,1.467966445911466,0.421515001486804,0.5104484311298686,0.42675871104962937,-1.193722277907867,0.48982281315542797,0.5763899991549798,0.0869140167747583,-1.478395882306753,1.9945431956361726,1.6697116681233448,0.5997504439404983,0.30806523669600006,0.04372290600949495,1.019511974931718,0.4855898528025233,-0.282416666264045,1.0383392151339836,-0.9273078909030049,0.8895682451167449,0.5092594373909481,0.09497317506999112,1.566734823591604,-0.12728749160044797,1.1752611148493268,-0.6128250836203468,0.11488284358896196,-0.8184355146022981,0.9561826443495142,-1.0226826063109697,0.9501892984952407,-0.016389321309516,-0.5874249005717572,-1.265977111344202,-0.09059254612789065,-0.3331254218681811,0.36051834537519384,-0.5416293528299001,1.23590949477842,-0.5754659035177869,-1.3330298702505623,-1.0428537793820287,0.05775952778562807,-0.11472965344264595,-0.5067517659769808,-0.32455480774936074,0.3879621957673064,-0.12468176978616419,-0.16172462609234953,0.025876937469237065,0.1465683337372488,-0.7763678100097896,-0.3475257358540264
0.8532219174388622,-0.023077785458296887,0.4704477081392881,-1.6027246961777477,-0.22256952723109863,-0.47963919919714115,-0.6948525584191244,-1.091206822882095,-0.36869360552222136,1.3538080568737503,1.4672940406859967,0.18812598625201046,-0.30214702124672976,0.07717153216141509,-1.0563436899987735,-1.064036843939034,-0.44146379888910375,0.04142316940631377,1.8346692735327548,-0.7123055297117231,-1.490592177017396,-1.4315020976613262,1.0508784355934817,0.2921524214531473,-0.512543172614968,0.9317518087136538,0.6214372110797615,0.3365109247463108,0.8892054865100072,-0.5130479131491194,-0.031704789186584585,0.8735094862180846,-0.0618287751063676,-0.9350923777730765,-0.7283522700935443,-0.3090361465320849,1.161169501300083,1.9611714412520176,-0.5121281392857671,-0.548255828663938,-2.051024488384614,1.2107726376731396,-0.3015563612977746,-0.6168652806794264,0.9941087342566268,1.4187324901292735,2.5307197778637813,0.888898891053806,-0.8181046495672776,0.18513419650954194,-0.7271546824493007,-0.5364038781914409,1.0709872066516617,1.3657135882156135,1.1332183053774785,-0.3638869263330495,-1.146533513603398,1.0853182111119561,1.0603668939213367,-0.3442369679586207,0.19278927255753253,-0.39694805578621645,-0.30615767037426167,-1.6563849152817698,-2.218323307319988,0.8894897987064575,0.5177049681894734,-0.009561124348219544,1.0606513779632414,-0.2909480266974079,0.5247751923254202,-0.9157247898542038,-0.38185374632396185,0.8634611429916378,-1.8346499191217107,0.5964620758291899,1.18580048230844,-2.243601352920502,0.37229040225612925,-0.5677772072946505
-0.977054415513619,-0.6426919150691083,-1.2336426077278762,-0.6365253892425323,-0.285528581119268,0.8489750365694938,-1.7554607867483576,-0.5248617372376579,1.474680170149722,-0.06605717737261237,0.7439626914578097,-1.2251453042727845,-0.7753974442896082,1.8713517973823768,-0.021820471700300118,-0.7904044470994305,1.7505290643912617,-2.0872133995246256,1.5341401918366715,0.6954208917686524,-0.41741281400511954,-0.5881180304674136,-0.718644913720458,0.15529602381624483,0.5510510395162402,-0.5313748979689881,-1.7233121262484077,0.8356071787550943,0.378680444580017,-0.12094103312097683,0.2078214413176218,-1.4458268333952518,-1.3879939226362081,-0.6990349240100187,-1.2105210627915648,1.337964156240802,0.7398071641652534,0.34442595737561504,1.0663705799485588,-0.04324299285453263,-1.0939280852963928,-2.166556143105446,-0.4277929802868671,1.5233919103085896,-1.058185253560955,-1.4270291567447801,-2.3694553334616892,-0.5189552247839647,0.7469981459139614,0.6992277735375584,1.5314583456635262,-0.3380799783137808,-1.5371746852692627,-0.8184456900263718,-1.6864634917437078,-0.44261979826528325,-0.7013849616336563,-0.9234165356328886,-0.7758316029487801,-0.9068323886627805,2.55905045492485,0.5159573789619349,-0.24814170652539544,0.2720692952791277,-0.36779210698470965,0.12793212200363036,1.3474727320549584,-0.5588081732660748,-0.6427779411757495,-1.872960793977684,0.9880098619447658,0.3275867500578715,-0.9637665975624441,-0.7962977489291228,0.007342556828766682,1.1299412280855303,-0.5472222722965967,0.6276684636934438,1.182859942516094,1.8045107629334212
0.875980520977154,1.1261485675611493,1.285408122652609,0.101237385022791,-0.7357445680096811,0.9747504021045945,2.207407268315327,0.04642840456776901,-0.051394416248060196,1.590092585592223,-0.0026070085845061796,0.8203555854287263,0.1470857198826692,-1.3512082867939077,0.2562843144008939,0.30312614288880013,0.8090200875997191,0.3153916274781848,0.8624332817513022,0.963987858986883,0.5975275422792052,-1.03393188127033,1.3589337697372732,0.6186878740530837,0.574736218231739,0.9855862475377738,0.9877949754132708,0.20419542895374715,-0.3292008270628572,-2.188404718935705,2.0470355526898527,-0.7008245890077487,-0.5393608624268503,-0.3987695255632932,2.033745528372325,0.7500562477747911,0.40929909900260897,-0.19690256897571815,0.12403587163074438,1.4115300342012378,-0.7359610549322448,-2.0497402647195506,-0.02452957873776852,0.9465202257468306,2.0046021230446986,-0.5207767310414139,0.06985307388777276,-0.38299513375307837,-0.9933716163996746,0.29075366981135703,1.2722609035811079,-0.4591023124973527,1.1045019529927413,-0.43531604860071615,0.49835011553449465,-0.8956271205140681,-0.3160776512907725,-0.9562279450309085,1.0494304587641976,-0.6649688379162423,-0.6252596488874343,0.8263263291406612,0.08529219628103366,-1.249334710976402,1.0642052637920825,0.7051778135118025,0.1687884942692114,1.0899308943410244,-0.5723587555505334,0.6486220693442597,0.23493004260242306,-0.5226842358122317,0.7937132326046693,-1.3879460623654034,-0.19694788495834983,-0.2849926063077246,2.3334702340614104,0.04906334877737195,-1.4771583652386386,1.4639289721897657
-0.3887117681968277,1.1965276290538565,-0.8513848943441449,-0.6573814315045485,1.0153345215292608,-0.65600063060431,0.14878864701943617,-0.046713027569594494,-0.4924832097941414,2.2754484737853367,0.17488514243848094,-0.003995789887396147,1.6378629292998985,-0.9845474549299548,0.6132529297169724,1.1013148181303094,-1.163306478948667,-0.748312588228768,0.5238460621002184,-0.9196401907029313,2.5197028252181206,0.66367848297726,-0.01284983877715715,-0.8373176323169398,-1.3437244747338883,2.233676628799934,0.6044939455232311,0.04091095355557492,0.314062076882638,0.12682707165559107,-0.4752978394141518,-0.22585673155681932,1.6668522470447618,0.9524962073059876,-1.1313538303369994,-2.8091587476734183,-1.4310957856724926,-0.9311257813665822,1.0233076384606454,-0.24491787439439694,-0.38048556743982137,-0.04348458825605104,1.2222183311608121,-0.23177555338906175,0.2978689614244428,0.9959720676367599,2.007141864566115,1.6731052465565577,0.30293365208526807,-0.019396355028439203,1.8628622216661221,-0.3817327781369745,-0.9227115935574849,0.3656701534966535,0.7389306656138724,-0.09603725276129056,1.4846114905764105,1.5598562484589495,-0.3443583624120389,-0.15352190597533433,-0.7094428871327428,-0.7889305327254952,-0.31472762805514776,-0.8566577549676551,-0.6033311765883905,-0.8442882091093755,0.19947581707849663,0.20693305166173442,-0.6172427038984574,0.9174203460439604,0.23438159377885853,0.10826783496978254,-0.0048036084030349275,-0.3848970658043174,0.03232692387705712,0.20371119939866805,-0.4676945157056486,2.470051553725754,1.3027700637469204,-0.16240185934311413
0.11794918272611848,-1.0601457153355518,-2.0758327697674646,0.49357700839316854,-1.262009410851649,0.8158074935029587,-1.7594005083460325,0.19992732418980588,-0.5800135775292619,-0.554753123618256,-0.6825980780641246,0.4062978145069574,-0.5674800126639605,0.7848572691052027,0.053732935859803266,-0.6825737481551918,-1.1954841170455368,1.8132865171032153,-0.09693276516632217,-0.62641959601799,1.4292823263308343,-2.2763010935402197,0.5286508031254867,0.45958633292409884,-0.36491972728328487,0.3416726509406982,0.7181944131137572,2.6483047930756896,-1.957938504882858,0.9663870796577361,-0.03779894623134449,-1.0112815886224737,0.8043250808111282,-0.13945581603752535,1.6641564575717662,1.3955769595763998,-0.5737234181949348,-0.3308026334558714,-0.28308178205897655,-0.03073813255451952,-0.6200476838389822,2.244410083598524,-1.1983372673735626,-0.331625372304202,-0.14612913263769778,1.2792462170807624,-1.2710240480016077,-1.340462476276486,-1.0070232798685628,-0.9223091868955063,-1.4487804940665379,-1.2947268698697316,0.14464878220528796,1.0015272520162721,2.6222208285548185,0.1730645854425281,-0.4214845618672623,0.0821876394123837,1.090464554058608,-0.99939982684949,0.46729453367204865,1.1181887703124531,-0.529923013372964,-0.8412025232309096,2.1166731427012495,-0.8998220654363569,0.026029752640821097,0.13986599039847447,0.6885504994848715,-1.234205483527639,-1.0609684828813035,-0.47309302889927934,-0.03944384446480639,-0.18505743671889013,0.789684456028546,-0.25459777123692634,-0.7260196403942268,-0.36475186113020275,-1.625255789022191,1.4173034590044062
0.7110858938679544,0.5932139091395754,-0.18335931894795468,0.3603200308752388,0.9302300865665966,-0.2975414781369135,1.5428649462328428,0.5879723040802254,-0.3742152638611482,0.032947231232154685,0.3289812428137199,-0.9245985010259392,0.09992368989840987,0.4610630993438786,0.021521516783046972,1.7232590623663226,0.9103812167130025,1.137237609724567,-0.49315896424709194,-0.8256833407262522,0.8529310575685468,-1.7305090756892334,0.6536677990143526,1.2697336267280603,-0.30960436177283845,0.31302304433052497,1.2981880227942564,-1.3747609298052643,-0.68917958422574,-1.5328919105111076,-1.0828038066763181,-0.029882556387425686,0.4597853529406321,2.9389100326088946,-0.2644190030580555,0.6057460727352435,0.23946810096190302,0.03087737793995371,0.7272137071048985,-0.755727026530983,0.01748456441071659,-0.9563725399156685,0.4388761681205844,-0.5559937655150112,-1.619010106652998,-0.0015185725146400562,-0.6326549856487385,0.9554360503477013,-0.6994037267867341,-0.06430640562261869,0.5314419577457906,-0.43100160546869704,0.08907036670134179,0.027333939029843577,-1.395882012349717,-0.7808762919136365,1.3781135223098822,-0.32198546062394645,-0.9074200817541275,0.23054802844481342,1.1133599596500157,2.372479759037067,-1.8477876136766556,0.27271124762652343,-0.694153232031305,1.5202797755529165,-0.6637399435871616,-0.4817186422141261,0.45774043508997725,-0.073940741688043,-0.6333566196772309,1.8985505514278163,0.7983248551036168,0.022348208722866893,0.24458151214109167,1.1044441722913354,-1.3388959105132598,-1.0184890893311058,-0.9598493326004301,-0.34761070021160884
-0.4908596806043682,0.1590378936021567,1.2610116734984707,-0.27432442601457263,0.959848880529837,0.6366879468699924,-0.1623774606968994,-0.5456638731180361,0.44355162270900494,-0.14991682940836706,0.32304906527524063,1.488878251329298,-0.03876959262081368,0.7602015676853604,-0.6496235117179306,0.14872853765431568,-1.0193239118836739,2.9023782144219257,-0.8187303981146131,1.1518772065874514,-0.6426205214628353,1.878825224741329,-0.24955693989210204,-1.4609386295665772,0.329241139572628,-0.8067557047347436,-0.6540792771274555,0.8514671364267092,-0.3536744297946242,0.695526741657614,0.2862560670549474,0.4812111979820645,1.97832553971893,0.12507420294473398,-0.01597097414546566,-1.2186313705499991,-0.338358574632575,-0.6048208439004239,0.16380354859699567,1.4400497881520613,-0.6379441005738805,-1.293962926724377,1.0081086592284856,0.6955471907209303,0.8541940162974246,-0.11501803196054032,-1.9682117721170638,1.150398513629022,0.5542078619832888,0.8793684874037792,-1.0085203642054243,-0.06787975989349453,1.2347992600269988,-0.5385439755234639,-0.7723399259212032,0.5959977218191017,-0.7898388748476122,-1.1381288282153443,-0.6239107805277454,-1.7748262512532476,-0.34194455112752253,-0.6938976152547032,0.5703976036429687,-0.3743018594058458,-0.11490662049901404,-0.22101723903593007,-1.7018578677141925,-0.8578493512019509,-1.0561424513378797,1.229963887622855,-0.20058407137442832,-0.3302072151834325,-0.21325554639754338,-0.2962783332322055,1.085975331684813,-1.7555776079893537,-0.8785417599842125,0.2506396743970717,1.8510760149701642,0.40739191422994925
-0.3399918868123013,1.1475426099297465,0.04524894626856325,-0.8973146420491342,-1.0459819652676707,0.6469249039692503,-0.673218014611718,-0.008833647646686071,-0.05789160737532303,2.1620113954086966,1.88293793862987,-1.4049617796782907,0.0911908715754421,-0.9294077564103813,-0.35605860974600745,-0.47665449983101005,0.5326492044860615,-0.8030485258177288,-0.23956593957191596,-0.06928160076531518,-0.6810797358885329,1.461206106973987,-0.1590052782068308,-1.0099310310332266,-0.0456402129187834,-0.38168999655416935,0.38588218004842134,-1.394745691024321,0.8283973848322574,0.156387407154303,-1.218951246181047,1.1733848738172958,1.7630777426772422,-0.47512903815217294,-2.0274022509871896,-1.185162008244103,1.0022193553411007,1.244278173060679,0.1311135492888002,-1.2596126587225636,0.2663836213288524,-0.8571187214947217,0.4670754877465743,0.7388341667970336,0.27073808158892804,-0.8273195872517572,0.008056103352022555,1.5239450267746575,-0.5484659967756316,0.7325542796199749,-1.4647281173450055,-0.39593063403396095,0.7532358629221084,-0.4373993376619965,-0.1101040717820294,-0.752624757930293,-0.10912386234544157,0.136601673778638,-0.464771199820906,0.4221148547286136,-0.7267289212026045,0.6027941373124253,0.7053135233223491,-0.22791364982457996,0.8358661256579522,0.2504276980177069,-2.038247207268457,-0.15582327210618682,0.8616487036814131,1.5780171532529472,0.47302410646868975,0.5967480428336273,0.8845643442014803,-0.7544291808473043,-0.9909536299999736,0.5754513222825434,0.49266686425344974,1.350094211581404,-0.7014796803115914,-1.1043511052992705
0.10475260214691068,-1.4828119501317483,-0.18989475493791763,-0.6443028380278377,-1.0116596769501613,0.7004767862325062,-0.6572134830062958,0.8141000127973511,-0.5615179579309405,1.9806948785874827,-0.24856856326934695,1.0013148390802218,1.1050466779627592,-0.49814393335619256,-0.12929681090628972,-0.003289915839947943,-0.22503964549429856,-1.3504226589608206,-1.485851390247439,-0.8449771276667802,-0.8738226046452625,0.7502650254764717,-0.7079034995911302,-0.8679668359936714,0.6932507920020256,0.3131697999371896,-0.9138931051056736,1.0172817566113446,0.6137133453972541,0.5015949744711166,0.7228417335744791,1.9499033298090818,1.4544826960723198,-0.8626309037050264,1.516110324445497,0.28411772891983517,-0.08689226620057139,1.118877655099313,-1.9486414322565553,0.2518736174780433,0.9110633619599011,1.0047278927940024,-1.6529214158505736,0.1145062740764245,-1.2398276008381894,0.519618618527747,-0.4932580869727081,-0.23861418450044777,0.8201770992123404,-2.060520194745665,1.222986323915612,0.6426209948382515,-1.2976465595946287,-0.7130383866867096,-0.3805151745463575,-1.5022364508323367,0.15783922053217864,1.0520206535628625,1.5419888907968937,-1.3358707065561604,0.17961044543596538,1.2876069834659398,-1.5479739657662919,-1.1176412129784892,0.6222714571325073,0.009094066204930546,-0.3281209309009689,2.523445055846176,0.09593151054790576,-0.6102370810945856,0.45688716741284263,-0.4741679849948203,1.393266757225482,1.0063571474877993,-1.4145845311830956,1.0805319718957522,-1.0022187603661434,0.34546431671489153,0.6230248335377412,0.5805596647552932
1.3469405825498166,-0.06688370707247401,-0.8054493271051719,-0.1616964795357192,-0.16341002798909504,-0.14661313503037898,0.963802718808091,0.1838158454000694,0.9668684929223215,0.6181470050611656,-1.3179617158358907,0.868673258652544,-0.5725139351260513,0.15736147615147256,-1.2934659701198765,1.5650823888244534,1.0509365579593535,-1.0552945088526582,0.49381010061302527,-0.29597788686697385,1.6445693636399408,2.2923017856320835,-0.6123770975605216,-2.478017812872994,-1.0718326275480035,-0.35464311049872643,-0.07395673152895074,-1.3218440561532538,1.0981333081631681,-0.6149783605244881,-0.8626577061396731,-2.4009186744845024,-0.6072610032868236,-0.887632955449819,-1.6245101642209134,-0.647636547476713,0.4874618640405341,-0.053531684096763565,-0.025465016668346285,-0.6138126205591377,0.2787913945475226,-1.1746022315088487,-0.40900720261977713,-0.282324454055414,-1.4211319691054691,0.057656088339875435,0.34787484273661023,0.5557793563561118,-1.7692788788753169,-0.916890079883407,-0.6096576602152676,1.1370894977735178,-0.07593503561578971,0.12883045179722977,0.6678349050688049,-0.20164382425964952,0.8051805074478829,0.3420719889047104,1.0397816122737327,-0.6084853158423704,-0.3380558748156408,-0.11330523645842358,-0.7061775084823302,0.4398648271251678,-0.4127538012908396,0.8278727633498832,0.3676230917456906,0.6415663266386276,-0.3762319451566762,-0.05338476365686324,-0.7612412595930603,-0.17140656128384327,0.601907522006978,-0.2290231445639203,-1.7054132401321895,-1.7270760790729465,0.7087974679404346,0.32603272857821647,0.2651173049456539,-0.4555738106335125
-0.5659943521537849,1.0790494173642362,-0.675229439497367,0.5230917764124527,-0.46730604353402355,-1.8915662894776444,0.4377761596412357,-2.921677588016653,0.36742762369885884,-0.7309225769013217,-0.24936774384180962,-0.9609139060946102,-0.07188302674584526,0.6758184935973935,-0.5528472271050316,1.7532353133813734,1.9654074210540844,1.1085046179541238,-1.8246061348614222,-0.6250615753181465,-0.3265768912084183,-1.0903421075624984,2.0628396180294337,1.633044715598563,0.7733420657460118,0.36303312186701686,-1.8290480840960301,0.10080729636578588,-1.2385843905389107,0.8568374457953379,0.22429944105888244,0.3987676383652164,1.2237091894511243,0.45693803419886425,0.28993054838230425,-0.06821981790576026,-0.5734104848618545,-0.34682745754553806,-0.020827934199942232,1.1356863836610007,-0.2498438428548547,0.7887923343273121,-0.24342709797878667,-0.6618532664396815,-0.9504531437605753,0.7187988027033282,-2.537611545706065,-1.629805561253222,0.29891605295552703,-0.02387140170638276,-1.311300852322507,-1.966847655116661,-1.9769079005961812,0.6489391494922493,-1.88742011136588,0.8253230303716783,-0.5317528396578638,0.15682062905699715,-0.8320506248919501,0.7527902741694256,1.2116003651372216,0.09923720628848315,-1.8875027461260832,-0.23618051718719543,-0.03593471194120856,-0.44378966077170556,-1.0214646643620355,-0.7656166294774374,-1.4258592597056639,0.07247292058163152,1.2485907493325157,0.683470086616414,-0.2643551676860932,-0.6786999292009441,1.5404803496164292,0.03828284561749415,-0.864230195340224,2.2909568742805027,0.09859430893175118,0.19004041479935607
1.1340207278578511,-0.57465898514083,-0.7518195509852137,-1.3978621606011412,1.7730774887736567,-1.2804624058478378,0.39204559960309865,-1.0201144096702053,-2.135556951860284,0.8083905843689784,0.34771869100820857,0.17012178114147328,1.4284797503048845,-0.2056598344669196,-1.7783743779778851,1.4391554356877505,1.4649428835963691,-0.3569848409095475,-0.5860352079363046,1.7766717988061824,0.923143546052842,0.609115882420537,-0.8455009746226924,0.0888996471534655,0.5560573591069209,0.03757519812729771,0.46158929453714476,-2.158541751717376,-1.900586603622385,0.14385027443904885,-1.4076078478906513,0.746664288436437,-0.023910684851885012,-0.17449980049448485,1.7782151909155526,1.6198100399212254,-1.1775889950899012,2.0688707536450317,1.2450351707108,0.40020621543953727,2.024932190639175,-1.2975669773408351,1.2287611750851468,-1.5192882977147308,-0.7444531319251512,1.2111675030381925,-0.19517063747196206,-0.3421838819619396,-0.38886735436905445,0.4375059539747198,-0.439655669869172,0.7004443388384237,0.4376830504294294,0.4112279082077334,1.5276734746270628,1.0570676803952301,-0.013157909034373508,0.5504139852245642,0.023246585960090847,-1.2514504851341002,1.1733488323881869,-1.6824648974631937,-1.3517072976609616,-0.1432437685027033,-1.5187425582185103,-1.5478092667453465,0.19392952339525477,-0.08060226421932563,-0.2361792078296574,-0.46886178786930627,-1.4764966563364335,0.08799802609503803,0.3967375389729214,-0.27171652983048,-1.9883526725656249,-0.9388930324774347,0.5255458949108566,-2.0334128282166066,1.0072388591784567,0.22278027042490675
0.15777735001926416,1.038693586617137,1.6130108543602262,-0.6637804376604686,0.30942024468875107,0.5320707514402102,-0.8394612180133152,0.37279988301317,-0.4582024206276088,-0.6596465513188657,0.10210287365532486,1.2301769426464322,0.38186256298796106,1.3774873919821926,0.3081956443121898,0.4337836764407714,-1.0695426150702352,-0.4558070771177801,2.080781850380286,0.59826498615385,-1.932113164472018,-1.7926304613631134,0.32106685624416254,-2.191161302100521,-0.5076868994284585,-3.0356631342271156,0.017755257791754082,0.6478457975570376,-0.295489320054428,0.6227643262420358,0.2496126739473899,-0.35611504476078626,-0.5744580361698268,0.16370781270949913,-1.0301816274724558,-0.8109383275907132,-0.3336133105902283,-1.0464011787615985,0.2912128267369476,0.6361604069613095,-1.1149816159421813,-1.0797112930683015,-1.7951033396549616,-0.3399697503870778,-0.631645080936841,1.3753405186075092,-1.3956189255671883,1.5760158299699323,-0.20707645147804316,-1.721294932128242,-0.5406161268491678,-1.5584887025584433,0.20900145915275564,-1.0360332139599997,-0.7376475841588497,0.7768083438673639,1.367396879912574,0.31435719733517414,1.69382390250819,1.3061967629977054,-0.9357697690777486,0.9806008388528186,-0.73125211940115,-0.300580875804816,0.6788293882915457,1.2072694694075101,1.9038475732710252,-1.4473243179419129,-1.713016446761921,-1.395699210960005,-0.07042999418208176,0.3766957781794279,-2.122267195856577,-0.16215760408925303,1.8152284778763355,0.8503916849188936,-0.7625217143712524,0.12169405886797344,-1.7654032582655081,0.10294966532389631
-0.5788150769442387,0.03789014576220245,0.033745043308603465,0.1927640570163516,-1.6296016092134076,-1.702025854159535,-2.1877582541861846,-0.021957021285022894,0.017947593715201333,0.03817621749366383,-0.6034008215339783,-1.600449156083084,-0.8905188390699438,0.8624210454129068,-0.3365094791396402,0.8468447225357744,-0.9193406979620358,0.9169122390701929,0.7329548196384851,-0.272798139586534,-1.047710161237163,0.37453277664977624,0.1624200016926441,-0.10850241773191249,0.7137780572334038,-0.4607147786772506,-0.7592508239224407,-0.37090555486770166,1.045300120204132,2.0476339107694987,-0.29003734633588396,0.5649617808811496,-1.0241914643572405,1.0617494820203979,-0.957855630548058,-0.7012398243597866,-0.4765896616465989,0.7061763637092411,0.508334174404571,0.29534085197931037,0.26158927910514107,1.3413794930088652,-0.4167608674974791,-0.6074642000477809,0.9636610634165914,-0.7016615754486852,0.2561646174409216,0.8652962173458909,-1.2168650111958188,0.2598086916615432,-0.5346282498247036,-0.1820912239640118,-0.17295049045864674,-0.10253684408832749,0.21000259627512513,0.894574917082825,1.0180480712955238,0.5558602661844884,-0.6244249510767031,-0.3883914765546508,-0.4234303640888095,0.6997106082188858,-0.9054922153999695,1.0199941760027742,-0.006836406762591168,0.0593080225280786,1.8737614121071486,-0.48553074884022046,0.1634869284809708,-1.7401714340923524,0.040763050666978135,0.8323982065944138,0.06502161235534072,-0.0217743496121338,-0.9644471419358354,-1.5069499877145076,0.010028956703811863,-0.06789095576857326,0.31615314831890784,-0.15619987221228224
-0.2936306597895024,2.1464617390524956,-0.07605312971245058,-0.3024820603722722,0.7066117991976368,-0.8728167460951773,-1.1667755162332702,-0.911720451547442,-0.5359821537709066,0.594845803533156,-0.2525099098422781,-1.9080682381078593,-1.0011382859826403,1.38607655184393,0.2903659944229396,-0.45842428597548546,1.9735822066639124,-0.4320160040594745,0.36628095560337837,0.48110244818529974,0.5186154858176443,1.4894975851583794,0.9045993976319016,0.617404269478025,-2.5067337462582713,-0.5025920095446389,-1.0792944672762628,-0.41814152337792176,0.6543042048033096,-0.24306612923287232,1.186820424875688,-0.6283803482122955,-1.1245720711743634,0.2368234296225862,-1.7163333739311561,-1.0440873365448358,-0.4168772253940585,0.767169772823746,0.3154941955529153,0.11279455757015888,0.34093813796203726,-1.8594627123315923,-0.1896007850528941,-0.9444151729584346,0.5825328947135536,-0.297269685257176,0.7854484272272332,-0.7299945274281525,-2.073079350398784,-0.055505070022303066,-1.2512480600092848,-1.8520779472109024,0.547832024652364,-0.6151782077755594,0.9384514482673625,-0.7943484395379257,-1.1373218176569082,-0.9320635639312218,-1.3609592933150338,0.4517960626732262,0.6037688422141072,-1.3876461774750162,-0.6798734470601786,-0.9854651398235675,-1.302047729021848,0.013073656614738784,0.8571563170231481,0.9520339495064817,-1.0937288816023512,-0.4685789459782817,-1.2712366045328536,0.7676787370156781,0.3654363465021412,-0.7120258276400546,0.5920580962363744,-0.6081101322018996,1.3944071000346758,-0.565707794106413,-1.4015525490509397,-1.6839138385520442
-0.3595966346657359,-0.8851400965298845,1.1816243536021471,0.6552605671912424,-1.2524921036584489,-1.830552741524939,-2.74647827736029,1.1088149423133253,-0.24716063216352105,-1.4913063947863041,-0.13184603148169327,-0.2084205722837883,-0.6339593653296848,-2.255212022945165,-0.7968917790914145,0.09644082315157033,1.7501018687392953,-0.18346134590225693,-0.5587266549848791,0.5410607907277687,-0.305471694656003,-0.9208236712123612,0.695798817847729,-0.6582017803026289,0.06430151220918648,0.4045535728172869,-0.23957435513803282,0.25140383708064873,0.42664480094882506,0.010668625571776308,-0.27503759422344576,0.22260279746468922,-0.07687051257371393,1.000933920018313,0.894245928816677,-1.10151350103192,0.6984790608089818,-0.9458438824595612,-0.2536545822286604,0.9024975160675455,0.3252913408772035,0.8533401076539875,-0.04606522760360631,0.5809447845239512,0.48646554360374283,0.61668824439922,1.0831535462594883,-1.1738868943972414,-2.147160768310195,0.5801424369698351,-0.0713455384141303,-1.9691845954184088,0.1821633332928728,-0.9326964046518318,-0.8083874262826797,-0.12830987333526606,1.502151267521305,0.7896542003116466,0.041962334650646305,0.14939155317731329,0.9176076490245404,-0.5540895949024641,-0.3562114355848906,1.5477968729069524,1.2877417817702843,0.010298981259336924,-0.03401179629163234,0.5453100343051822,-1.4179812853978389,2.397357718491734,-0.504703204592094,0.16097952996882078,1.6446101090464014,-0.8205561991179848,1.0272666136758586,-0.36676049125687576,0.5602046052721497,-0.881535837693904,0.9858042394269589,-0.8059897593152673
-1.1419311124715483,-1.1600186586092547,-0.9528269652333334,-1.9666302437830105,-0.05283900740594765,-0.2607997355839241,-1.0317817303637973,0.2903109998481887,1.1870026299865453,1.2185452004289972,-1.789966932933104,-0.2849904966051234,2.2427262385419375,1.2277056124577665,-0.06993079543586733,0.03482156031671456,-0.45635384309228405,-0.15306582642599734,-0.2927663704584804,-1.1823556402167534,0.10410141835339434,-1.030542186205397,0.11150040900379295,0.46951070423142166,2.6783871439101716,0.3341651622341318,0.1992808689517988,-0.09889136104811269,-2.6506104588115966,-0.32283834197553907,-1.8203815964458994,-0.19595066454820043,-0.3116343179015122,0.6076730241357873,-1.6052993972806535,-0.9348359583662335,-1.258896784972691,0.1455570944523299,0.16797302319482132,-0.7108982380932432,-0.29672367233371855,-1.199252661382458,0.20838174112437052,-1.8126178485937885,0.2622090273617905,-0.6210702095780481,-0.5971984301220497,0.940648248300131,0.438459200699435,0.37647109277858476,1.0592134853361421,-0.8229771411006951,-1.9026123304340128,-0.5609810317193641,-1.2144422358032794,0.24424307984426058,-0.612503067112764,-1.919439921656057,0.3644225680249738,2.3779059668790454,0.32502419793809584,0.5305619026013652,1.920293192436904,0.26848323926603446,-0.48013743523865393,-0.830396088729249,-1.7597898822762552,-1.2769645369416647,-0.9506725982624165,0.11401849753363817,-0.752076473411812,-0.2900559795046712,1.2200956573523092,2.71511415203838,0.999561279804986,-0.1658411645899365,0.42421003409300473,0.6706962924098152,-0.8353773456350385,1.2445461060633283
-0.3017648616987523,-0.8809155317520092,0.07687221408070906,1.1560012254289664,0.49339110092019445,-1.619328449347053,-0.5309328674953908,-0.32756183550418344,1.8601514252016187,1.0935793656900283,0.5642802828892973,-1.2015362422948968,-1.2056578617094547,1.9675405445959306,1.1494700571203234,0.40631994092003454,-0.06442205376227085,-0.6803320045059825,-2.4560371791234648,-0.17297149903796497,-2.9363613127560164,0.4857982699626125,-1.2450476219944488,0.49551952895261736,1.7408699566547157,0.16265457973980987,-1.667032336745928,-0.4778186028486773,-1.730836437303278,0.5707606407351122,-0.8472209202314566,-0.37511896213308005,-0.6452604797036197,0.2545909926405038,0.09797127148545479,0.09579377434122223,1.560360351791421,-1.003201385166689,0.5813598897000919,-0.318481756021178,-0.9041014969654654,-0.9875453696532228,-0.8915001702159822,-0.9216416166996935,0.1625804167058218,-1.2842809642189432,-2.262128634476455,1.0741841995423678,0.5729873064391349,1.2167083316705343,0.8626578002633013,-2.77462426162449,1.4043993258744436,-0.28087695831795123,0.45071857547624405,-0.3018616667738579,-0.1948094621088351,0.2884272907767801,-1.3507731118759214,0.1104693654371796,0.1672589283870003,-1.1544514020298433,-0.4953133324585141,0.4163718463547774,-1.8079627484753866,0.30673502649856593,0.36350754849078665,0.5322595794271643,-0.5079570072649362,0.9771532765517537,0.39480209951234224,-1.0056072360486439,-0.2017184929778791,-1.6840718629902265,-2.2823066539210726,0.3265336750134006,-0.535965049251241,1.287011845895564,0.6361230003178968,0.6426117436833446
0.7045964931178673,-0.9517618314959929,-0.36693910815374864,-0.5764859342233539,-0.5011295717197423,1.1035735458401987,0.16464778484785195,1.0960872277954599,0.2856288660802852,0.3376844729063876,1.8332498399040995,-0.7540534776407051,0.47770584926479037,0.0032698132007125936,-0.9078403731466593,-0.1601164600374515,-0.192227423025513,1.0530025191194072,1.442491628549102,1.6007565077286632,0.5853627015314828,-0.9706058166597898,0.5438230881789635,-0.11721594731078247,-1.7330934649831533,1.2718650933074283,-0.30127298039451594,2.0869941210560463,0.11190250638848068,0.3053553543123396,0.26760286832017255,-0.6083727835101465,0.5357709965157219,1.279704295917124,-1.3285138618607994,1.1219508179126751,1.841888716770931,-0.5360325578673287,0.7232480635732907,-0.22169786698133206,-1.0747278382498535,0.5894663258722216,1.2424060681423414,-0.608133427421959,0.8998691506456049,-0.6060236044013987,-0.7641780811668702,0.8588541336707232,2.756486846312923,-0.32180480759241614,-0.695598732502091,1.2721205707062937,0.8722344027553854,-0.7864552048535499,-0.09739162180224957,0.8120419196395806,-1.7128873381284613,0.8536899980269709,-0.5588546769603343,-0.900480150189578,0.6437763697921283,-1.1597983470929794,1.026820390828087,-0.02671487490109501,-0.208914242238577,-2.3282338859136034,-0.3983060971715653,-0.4766030501024937,-2.5946930601996887,-0.5915645816117872,-0.2565955347946223,0.382419811642591,0.4988277674903578,0.033333582217936454,-0.8406738326106954,0.17162954666367924,2.5725290778092416,0.3712769131850378,-0.22107337758691228,-0.08493047803181508
-1.915648809640746,-0.3160741561010316,0.5310289606920057,-0.7943133788988126,-1.3339911163030462,-0.011283978727126338,-0.289426452917029,-1.867866461793149,-0.6076807850840213,-0.7244367072529708,0.5734910519136579,-2.034524414675218,-0.17496058003222956,0.4546386179324139,0.5819083860061459,2.4881155028258988,2.148512521547799,-1.8399283265328228,-1.9090643895040589,-0.7948849456023155,0.11412153390918775,0.7721688441772345,-0.0012752823245646442,-0.010344862133013251,0.8125112575603081,-0.4249534332028904,-0.5097456829124519,0.46623572736665986,-0.973570228129262,0.19374763482659116,-0.4629996524209208,0.48284630117114136,1.2752543736254784,0.33868645319715524,-1.1710058982050722,-0.04439469791905357,-0.9974170197206436,2.298418404354853,1.9507493415656274,-1.5082066414143305,-0.5095041092755034,-1.736883269840834,-0.47438294622756527,-0.5629893354238138,-0.06361343416773735,0.8798551454340889,0.18405271264734738,0.5071357108790424,1.7945894122552934,0.2893737233177036,-0.028511790105275787,-0.12820643295381692,1.105943582518956,0.4481484093162575,0.5915769463216424,1.6741086183530927,1.1263697039933371,0.5865985702660272,-0.3762921460817129,1.2682386795618616,-1.1434335898345909,-1.3197206949135507,-1.3535878276850715,0.2601139994307873,0.15549187697271824,0.023772645146916436,1.677561949217624,-0.804324433039846,1.8509353673794162,-0.616422799219846,-0.21432668744344482,-0.21180722577118882,1.3705305928826146,-0.9188880174271796,1.6344679256104875,0.7624357029394845,-0.14212024280044336,1.2311940249910451,0.6894712533033255,-1.3488594738555282
0.9534529513994568,3.0460900375190407,0.5929115372973497,1.6688608791940338,-0.07549559514845541,-1.6052401238505714,0.9224247911290648,0.10783166288716216,-0.3413525350111646,-1.3873524949771834,0.45485257007628344,1.4504315122327933,-0.1715031707022144,1.4330675695510913,0.18722458305849649,0.2914886269985383,-0.10657524510553616,-0.1343149754088912,0.2631373238994928,0.010158749267193266,0.08345902250632356,-0.4865552294515964,-1.2837190664357798,0.803824717236372,0.9264102222607998,1.0693441204589063,1.6672349633482368,-0.23477743555481248,-0.8629499965647933,-0.07460371216658562,0.9827451107083707,1.3263205736509713,-0.6567528061061486,0.45313420331729004,0.8540334071313311,-0.709647048345899,-0.30226248518931476,-0.5813213552533408,-0.26213794281978775,1.4432000429950436,0.801728144060917,1.460122984046361,0.40762548426958023,0.10618893066540033,0.25406643871832174,1.4044939152075842,-0.717524724570268,-0.7660564289688396,0.5408032937261407,1.1432210282895434,0.3992907568158021,-0.48804880805774153,0.015094181475218205,1.4518789885216499,-0.4379934459063656,-0.2150703354388911,0.2190245431834046,0.36133309353388054,0.7209001613477323,-0.7210361429903789,0.3837165622662488,0.7400884224128996,-1.9456189374081432,-1.3175116398442708,-1.8058652337505763,1.2676965025804723,-1.7539005733283968,-0.34222769848647583,0.38216096318454706,-2.599910499827927,1.1638596026447396,-0.06289418451336262,1.3119254330982126,-1.1296083665354733,-0.5522767440506334,-0.7418951661477239,-0.7971244037875802,0.6108171372257846,1.1396661738714338,0.8033644921758293
-1.1642821118171187,-0.7700418913692302,-0.6515598757059309,-0.9497368320911701,-0.6102273694739472,1.2985064791683207,-0.11297158455408875,-0.7842568095357042,0.1277630775190257,0.26047817505699733,0.1944125786230308,0.2969223098672909,-0.4344174520744301,0.3535514297490133,0.6809073030179034,0.28281532044711377,0.714304191617022,0.14347283331304503,-0.004320015090959811,-0.4368955737725132,2.0554650809898964,0.4159275070233627,0.5376698763515895,-1.2244467432777508,0.2413469027670971,0.11931770735237389,-1.2502734122263464,0.8135980980965257,-0.0871757614543391,0.9508198808756225,-1.6729142006659303,0.23256297888684938,-0.21179893939631178,1.1243627975953467,-1.134256298606989,1.684886191079825,-1.0091864280857186,-0.3178516089498963,-0.6049311070504023,-0.3229350823843128,1.338685584628539,-0.1689160796287126,-0.43211301427072896,-0.6171936660775272,-0.1206119073220771,0.7065217134219307,-0.6431349221835819,-0.544753200696254,-0.8365090044864288,-1.229475039624738,-0.5900090580722795,0.21635757913223339,1.0361371275311992,1.3185203065236577,-1.3329031335003216,-0.30118691118582114,0.04383474731256694,-0.8116452469246802,-1.5497791159768803,1.1659817232657708,-0.22120701567856008,0.5051049304182607,0.15025628903837104,2.5964532857846114,0.7257377434953248,-0.1019496263737671,0.4465716190185416,-1.410586953653872,-0.10378109763597564,0.8035241441270154,0.377217222578042,0.9037280148009527,0.6416512864323062,0.5469494207565779,-0.031096776401266183,-0.7256894306062508,0.2731167049717607,-0.19625382372412667,0.641904317800939,0.07211610613796447
1.0644708996563397,0.9396818438251336,-0.3051055616015807,0.1739939648478659,-1.9230350764729023,0.24305855784322145,0.024973162926871226,-0.5734954367302915,0.14611829787894648,0.12947114758598827,-0.8034295111424333,-0.17521394663846898,-1.45130304237313,-0.4121357079812235,-0.30375471285172717,2.4544949015567696,0.9310058072748025,-1.562591757306939,-0.9274973940228001,1.3814812793714644,-0.9956661844085308,-0.7522106737692783,0.4002064736509992,-0.4230948383909224,-0.6021529568613276,2.4258773010986356,0.12765305977892266,-1.0179941520293914,-0.5743221172413635,0.9500917897579769,-1.2989888000125347,-0.04103750054725405,-0.7509920251413323,-0.35969740963582286,0.30265680623379926,-1.4073771784609364,0.482837493096813,-0.5444565186436763,0.27250193040101023,-1.507870199906123,-0.7616719227646593,-0.6744453042656033,-0.08739206744079574,-0.8955497688233774,-1.7496023103035627,1.4738049817000696,0.8959888383612712,0.2474949926490606,0.06970042828467624,0.16976033003686172,-0.22956535342049153,0.5664628100611145,0.5063931752274639,-0.2196854935949521,1.5138625008950974,-1.302854716660459,0.6147803055868668,-0.08560963155293035,0.25803850895775,0.09208819681606419,1.5472613611917154,0.2963995378990035,-0.914580252185378,1.5286307039603955,0.6581084063239012,-0.6361779633870566,0.68161730230509,-0.21307476495050706,-0.1083315014233702,-1.0353789737145995,2.744015992854639,0.6219586184380475,-1.1513917711816208,0.5280153994554434,-1.3627180824389413,0.036030538744541346,0.18907817994104117,0.9288771561139075,-0.04402144124758163,-0.6926264653970744
-0.7956981811883453,0.6587597580991,0.7496449607704121,-0.5332598910321448,-0.36211470535418205,1.3290209599498084,0.1829872433443728,-0.15798425720613257,0.6537675559863521,-0.9677861894500952,1.9821965223258293,0.38389978078385195,0.0909636861318898,-1.9664518729127984,0.8005021142222513,-1.310139256181978,-0.1372892625077113,1.0628650570783464,-0.19211303481896747,-2.4335890385584875,-0.5317199687233266,-0.35341751218069534,0.24683727901914565,0.5653958140639488,-0.6047050835435693,-1.5012885992181373,0.042307172718496946,0.09309476535975442,-0.5964870437590221,-0.6915421524062624,0.036103213455364457,-1.513895096669686,-0.8772774771458509,-0.0320160039074121,1.3836984947552098,-1.7020046172570527,1.2682936558086948,0.08296959206430543,-1.046523296290131,0.05134209096254347,0.4047946722814888,-2.7301002811684603,0.4391510331030247,-0.5110917061369129,-2.905953382054157,-0.1505572241751971,0.04876319093405594,-0.05268377547338691,0.06326040102939465,-0.04088730399261514,-0.04781941995883486,-1.1571140183590911,0.41101925305937087,-0.16083813905211447,0.3264494350200826,0.44889214556470086,-0.23892372446242202,1.214454863700708,-0.9165161299364475,0.7577564668650159,0.7863356721412924,0.594709444657236,0.06487778497298524,-1.237315557321296,-0.43586955378856584,0.9145250251757108,-2.7245271091207393,2.051207102922984,-0.8927170161197777,-0.11204750289990296,-1.3115242433678056,0.5968319856940052,-0.08912718074875513,0.45218415834565456,1.0360385307620466,0.9918432737007975,-0.38601999066711595,0.4734695728907391,1.2908133424744008,-0.3835497265575275
-0.43081471744360833,-1.059205223656536,0.45512501333709554,-1.96352983217109,-1.4084504002298124,0.24386616582508808,-0.5565718643562478,-0.3404834546431321,-0.5452416430223034,0.9408348496906661,-1.200599386152051,-0.6397610700791982,-1.0057446971614727,2.53878180318359,0.07233147922134016,0.6295311613139741,-1.1569694751601798,-0.5464147975548853,0.8922048802003323,0.4756050191581154,2.0480976681523484,0.8557683863860595,0.5600696999984383,-0.7441629533318973,1.4752720768831302,-0.5461669175903601,1.26019992825962,-1.5198006018072474,0.7639681162604477,0.8223381502237394,1.8142515679670805,-0.4219335081724145,-0.03149194765912601,-0.28122049953772854,-0.7059531158151555,-0.9756620759431038,-0.16092828925020425,0.5435425275730732,-1.759530258968652,-0.7235916387097926,0.07610845397364221,-0.47754937971656997,0.27024933162386877,-1.4688231842324728,-0.04040515661930882,1.7710015501963143,-0.6900965567720976,0.10106258788060013,1.2455174437228982,0.9087126108851988,-0.5172585528900094,0.0472793016469043,0.5220065758844199,0.07597452119436347,-1.4851481962774211,0.23457521301151787,0.31732084564540236,-0.7032879893039545,-0.22304826507429376,0.3977195902293412,1.9465546064242742,1.1693350632862944,0.34744977799620136,1.1726582296602017,0.18012004225597694,2.8495521618178277,-0.5246549556572186,-2.4894206563777668,0.7799676785934324,-0.8369269929946404,-1.4183870278684227,-1.2628199291975226,0.01864758920003667,1.4836171547926809,0.2815016495716229,2.286077467094774,-0.7295399759618431,-1.0641980682449754,-1.170430917423603,-0.42372849121850725
0.17160071339799374,2.207096588922893,0.8575147398486987,0.016070464170451104,-1.2432523588505526,2.1359927935163063,1.7198882698801672,-1.157690192597281,-0.20886227160494672,0.27973708411277015,0.7184452144753414,-0.38591547522312397,-0.12008510140759017,-0.9012884004412784,0.29095110209706393,0.14759927749039795,0.39098082318528765,-0.6522916346678471,0.7267509665243744,-0.8407989121760988,-1.3238498529409761,-1.0391989781346584,-0.07295237514205802,-0.40139752493056874,1.0786752769988661,1.1051101150563345,2.6825162259853053,-0.4381940867062146,-2.0727956246291392,0.6141075963583903,-0.14096235947940483,0.6930615814495765,0.37549867009216015,-0.8509918082933425,-1.1854128929297867,-1.266838243992943,1.3612193876598373,1.8693160781358917,1.9765061444725676,-0.2815543055413903,-1.2997940393373266,0.7614821251418338,1.0015574838859278,-0.02215083350537347,1.189613194367714,-0.758828705219637,1.7056668600413316,0.09325201059030129,-0.529272098445625,-0.3610298031460699,0.5423288214505334,-1.5409911544534205,-1.6971662378473187,1.7333400513423554,-0.7654521112955031,-2.2672168476797867,-1.8545071184812512,0.6933960975094615,-1.376782252584305,1.216503175932983,-0.32705264041602555,-0.18092800000749426,0.9876888065104615,-1.6734746354266483,1.3694961245018453,0.6098311307997729,-1.3896071051367713,1.9211856424927674,1.2184264924721402,0.3538085932854113,-0.9343871708796526,-1.1350309117022617,0.1478868520617118,1.4169078949916059,2.055597611871357,0.2984681565850111,0.14757304764163132,-0.47371236918644005,0.3952701696854095,0.21105044713975094
0.07786106990627967,-0.5490003254681796,0.7688371627025177,1.7783542998334185,0.37706356899685234,0.44955405327011216,0.5417555425128141,0.8264301888470739,-1.1379144631948745,0.7067157569909246,-0.7186563272357226,0.9637955545397456,-0.6505465141795403,-0.06561912289067456,-0.9232878394359003,-0.5346291808468925,0.9086818298896625,-0.48923872271151453,-1.507226706823636,1.745458860299364,-0.4584535460509974,0.19808655888865564,-0.9950553968889425,0.6013027215902826,-0.6357750089405798,-0.6751133662660301,0.09333069901277873,-0.927284621990738,-0.6780541611600117,-0.08621919038147081,-0.9640870799267128,0.5849535291564686,2.3560521220609307,0.9326534236895231,-1.3124937683918734,-0.8293926533754454,-0.6266428404338028,0.05809395055661972,0.8384241613830092,2.304596561521009,-0.3758819523668804,1.011966401640919,-1.0305346960915043,-0.0397871851160226,-0.07814765878904753,0.06703694348769319,0.08815245639364984,1.096377890934868,-1.0673091636771195,-0.2413384020252595,1.0969364804214152,-0.6178186839875852,-1.4322160288263945,0.29052710242398966,-0.5222869086748773,0.7302274283260471,-1.6509245265709556,-1.4808553110341116,0.023210554541137123,-1.3446593202957258,-1.4085695192014456,0.6884257399717478,-0.371737190588736,-1.2377010912833177,-0.4007391008145421,-0.3659288111821105,-0.23304519383664027,0.16926248334811153,-0.7691898013250931,0.26109824097020606,0.680360044437282,-0.04284835365755836,-0.8079395631321644,-0.1748523241413902,0.8422603468523697,0.29912365162809484,-0.15463970124189594,0.2913888375238706,-0.47198671259880476,0.038869260861034205
