-1.2234338559626483,0.2776805185567204,-1.5821630911563382,-2.769237118381404,-0.3943296849789518,-0.586055217798105,-0.043483719779553065,0.24588691059015305,-0.38526052998370813,-0.13653505585812556,-0.7416171327933981,0.49931232054472857,-0.7513639809388679,-0.41492034880663714,-2.420804336691094,-0.9294057344539166,-3.605922980774964,0.598744590691716,-0.947434735156586,-2.10542578682783,1.2186134849904435,-1.5900272742758819,-0.4813289877962897,0.24243067855134653,-0.1880776157250854,-0.8773581469473443,-0.9832650856522928,-0.7082614881735676,-0.6660936661790797,-0.2970166094112498,0.2811178956682115,-1.1541389015238912,-0.44333649855572765,0.7805630540140507,1.7079707679538223,0.17853727681916343,0.4627358049211029,-0.310386007572663,1.8625857027413755,0.3556395195101211,-0.7271178963673358,0.25442293142340594,0.49724186808773635,0.48570144333154613,-0.37474049761262784,-1.621891141597941,-0.24205124154562832,-1.4637384493063994,-0.6090696970253326,0.7478052225254075
0.7395844545462035,-0.33862554341948026,-1.1625014032838001,0.1257647699295536,0.8382787334256484,-0.13489686623951644,0.4843024337069243,0.822602519003535,0.4950268624813983,-0.34105232672663083,0.105471422632712,-0.22819145247078607,0.6586664554649558,-0.5009115659803552,0.21640802634339407,-1.3033323135996815,-1.2212268591230904,-0.38691387277826317,0.20346468828176517,0.4552362100006959,0.44979404803778644,-0.9301933186212081,0.7807696165558374,0.14498903856300469,0.914071623122106,-0.03932077117157487,-1.4607975697855307,0.658566687604782,1.1380268763465442,2.368863770597886,-1.7093903738230938,0.20049454799640692,-1.4357848311412027,-1.5072711143797124,-0.1910595077259604,0.35793216012879187,-0.8928732536927656,1.3527046818713293,-0.011938114019881154,1.3587901724680722,1.3074476407934317,1.1435796304564103,-1.3129447379049437,0.23064210865666812,0.29555618785961785,1.2643879406000695,1.5109941287602484,1.286661770431621,0.7718405748753138,-1.060305001000641
-0.05806080462870314,-1.3936630552225417,3.184999809791829,-0.4875688142275023,-1.3559911134931368,0.5820172889003705,-0.38881680556909337,-0.6305190454730444,0.20735684309724442,-0.34278543338053474,-0.43148887813299036,0.22451359257575512,-1.1814760329856715,0.5091058452449947,0.262825869956122,0.8610910593920534,-0.7676716862921641,1.0907353352644513,2.1328988948339878,0.291776761627574,0.6015200745798495,1.2222426723415925,0.10217315848482254,0.39580360821136795,0.00884522465454715,0.6597205493290846,-0.22482935445454663,-1.1007344640779566,-0.4607969123822981,0.11478691134269205,-1.541808107172469,0.06847677069202358,-0.5912347659077547,1.0384642731854679,-0.899932362194943,-0.8710369416196815,2.086340604369309,-0.32689398427778615,0.35964521544203965,-1.6411463203502363,-0.16527332477030635,1.9765817507027537,-0.30533038150180386,0.011440600341817889,-0.17832868964466347,1.981186722814755,-0.24994099587849475,0.4547918372521863,0.2645251692938319,0.8544675886909896
-1.4309800532612025,1.6208218883953955,0.8105453966526164,1.544250731268735,-1.2496283620696438,-1.3954893126893624,-1.0555196611807245,-0.39080187714908216,0.6759249461324731,-1.0738414767811462,1.344365629195001,1.5836254019878102,-0.8910136907111476,-0.23442149048809022,0.8352380400866599,-0.5199991294686435,1.784587967548564,0.832330540462081,0.3657387831699122,0.16682275572047142,-1.5338566819920112,0.4556916247594793,0.5437279377192673,0.9184911985164538,-0.7600276213170385,0.6019260987603927,-0.3773284387871786,0.1369544115828413,1.5167757257572108,-0.40598226072302157,-1.938787779110556,-2.115984680180389,-0.6346676563304627,0.9796263294095088,-0.3971031707090677,0.7186517257638033,0.3647367913163021,-0.002588441461443413,-1.939431969916128,2.814196021818044,-1.921062877970752,0.6940123664023861,-0.5847147797599076,-0.776428389027037,-1.3873591499563485,0.506500673988921,-1.682839234816139,-1.0257731846787377,-0.20828325798420072,0.5061093833149205
0.4982513657524576,0.9104566568463773,-0.7369945963764886,-0.6442157344474103,0.8866741467368058,-0.5527197603221085,-0.267559928801112,-0.6821065608057802,0.35123983513299306,2.4062695266530723,-0.41862339507477786,-0.3525345160803828,0.5692547395671599,-1.3848489418260757,0.9899153896773598,-0.9640110127106322,-1.6590818029713066,-2.0618670462367827,1.5029640586465702,-0.5971669969457085,0.6354919974691381,-0.8216650068859874,0.04935901858635304,-0.2583224576773839,1.1543696511616337,-0.09627681029626219,1.7718162184443527,-0.35324026482915066,1.0370103017710035,-0.24662903825192584,0.6233646597392387,-0.02916178549040089,-0.35379397955789815,1.635526096466143,0.47851814018432803,0.07979376742550914,1.0763106463362482,1.5568676326070467,0.0030411467882241984,1.3378600276421881,-0.7603280725348177,0.34692246540442634,0.5469539543593539,-0.0332972222911789,1.7218153398904006,-1.8155581158591325,0.5861452758381243,-0.9043836743447334,0.49771114473822237,0.3752623737888363
1.6512437803363715,-2.3196298570702774,0.024640985186723502,-0.5771020893650189,-2.366176621737275,0.5971395463851322,-0.02093815309360619,-0.835440291117024,-2.327209376201671,0.5089243618368583,1.0581318061552651,-0.3270024441182412,0.06589268893158547,0.2140414141030772,-1.2936019977077386,2.1533368766504934,0.18165228708515432,-0.39132183661164194,0.8656729893702103,-1.3888485293583102,-2.7589484061088054,0.6664441801590677,1.0983437706242374,1.7113684882871094,-0.18362659086922806,-0.8351178682538173,-1.217093444184125,0.6404696334161839,0.9248246345528348,-0.9527877240321239,-0.7558245275095583,0.543744715501971,-1.5282240844364314,0.37006881519426654,-0.04689621468334457,-0.8811960407689666,0.8025560590782959,0.6687689744602423,-1.7244960201734236,0.6873011449284578,0.7802795391945464,0.33854910603078914,1.3753956787271735,1.8706168866420778,-2.047322408043595,-1.2197926023231238,-0.5980664197471081,0.091725144964361,0.17743011066792466,0.6401867995092865
-0.320849505313419,1.7093566777093012,-0.03074615699393404,-1.438265195739537,1.856159166362226,-0.43510203127860264,0.0251474154220216,-0.6515879057485633,-0.8890031917597044,0.3520997433915106,-0.4843161041056171,-0.7821980439661187,0.7832953181496259,-1.0545055860687875,0.10817857657374323,0.7771855980701267,-0.7779795869359016,-0.3873277542550193,0.8436317118378038,2.3355928372231136,-0.3332647864156648,0.14215822035081915,-1.6195898426257989,0.46029088886021163,0.516003019619029,-1.0344043083431729,1.3753579528302557,1.0381594066068782,-0.8712538175250314,-0.12606606355662375,0.5133508641720853,-0.8903988466350642,-1.1871551836984426,1.1548232767366915,-0.7292708722839643,0.09957486779532784,-0.17769808764964576,-1.140067818785442,-0.6038211228962329,-0.3406960245952527,-0.84004477835541,-0.12850134393143672,0.9838449927142336,-0.04651574717109177,1.266048732345631,1.8766011995207585,-0.9485552817372673,-0.5535521943159344,-0.7655813299698438,-0.44037363983836775
0.6895622630973485,0.10596595757934317,0.10860629219398661,1.7948102800291366,0.8827116097902905,-1.4451563881191354,0.42619263486307946,0.9640352589764503,-0.10222845432096159,0.9086677239557822,-0.06867773785619077,0.7321301450246068,-0.7214555486218606,-2.7352528199662736,-1.349667432129282,-0.07476883556970489,-0.844428220793537,-2.0224272044564593,-0.031122689071328757,0.24352831496301777,-0.24205025892580045,-0.47822798010633477,1.839410088655789,-0.18479989812257847,0.9065674784358925,-1.4310624188830863,-0.636204117440901,-0.4260850459358336,-1.2343553741148698,-1.408996229719785,0.4007856692146062,-0.37891050368091833,1.1396449397664963,-0.3059562374388601,1.2314742198156734,0.001737456360667232,0.7739504076377942,0.6132664506823858,0.8473826266423231,0.9471317924274208,-1.8777464226418539,-0.8842024102504805,-1.4428897422782452,-1.4184828194624453,-0.8840286667399898,0.3329486355558145,-1.0186956722669698,0.13018200062449278,0.4707623933566863,0.11707406868729636
-1.9467078874856367,-0.0490044791651739,1.546002166914963,0.06845115185750789,1.272671111747884,1.0513499000340176,-0.714951280674959,-1.1441830406580584,-0.08995020189810225,0.7232583706656815,0.46450553828206537,0.17304191843645797,1.72752872964703,0.047413904266098865,-0.19170546104568398,1.932604264443036,1.2453449103799608,0.5338037369311573,1.1298856581776222,-0.3384894465047699,-0.9891806967851366,-0.6782141309859105,-0.7044995284074582,-0.21435896957783163,-1.4705362269055864,0.1431159770836153,1.355007638750652,0.8260627864324245,-1.6569732948125317,0.5017906171051768,-0.6813492677362989,-0.8479024250007702,0.4789589275873293,0.5105681361048885,-1.1009531615381316,0.9702847449588402,-0.22071536669326838,0.03502719300636297,0.4607168389696801,-0.8347357602961418,-0.6747738483797744,-0.7516384205062661,0.49669547645692363,2.0180466446320544,0.8565708164237484,-0.6756254866828966,1.237707171632826,0.5127627564050983,0.7558061504138422,-0.36515029784537556
0.3911216875291924,-0.6930423254737921,1.0316910537731532,-0.4899789251802454,-0.2320216208790878,-0.029786334715806925,1.6936590356923,0.29388763122028627,1.0873920145750036,1.47157893574834,-0.5054518536855914,0.9433838428743371,-0.8089769138958971,0.9676818434521725,-1.1694725733644307,1.087340580625806,1.6223163961109892,-1.1752157153833056,2.540105371068446,-0.11440783839752264,0.4092800346479975,0.7399860693195738,1.4483599288245648,0.068381862690451,0.0683622358575217,-0.4708500590579044,0.8210644272053679,0.7562519282811133,-0.7300778506317634,-2.1970901468541832,-0.2847285385483327,-2.2881904236385338,0.201603601014366,-0.5301358276958901,0.10856929636300339,-2.218375406376401,-0.9013539443509345,-0.4851869256848011,-0.3960194403885157,-1.633455170930921,0.48363639491355703,-0.006063414621556796,-0.13812242889779364,0.6690484946280529,-0.7203241328759846,-1.9062519631891155,-0.6115653684724333,-1.220571900143025,-1.1294632084576872,0.8753082669402696
-1.6924718141411423,0.31830233160665145,1.5402227816366911,0.2767538302293126,-0.8433987444974727,0.23711709612570683,-0.5080814118180523,-0.15231170248140266,-0.4488657554945856,-0.33758187962750996,-0.8978107301987013,0.336445505330338,0.47844703554163287,-1.2766921188127947,0.2754232319701131,-0.6254118999334893,0.2812531221212809,0.49523850736216657,-1.388700252569324,0.9344164420058609,-1.8593206138437828,-1.2925206428784168,-0.40443742651045134,-0.14853443839690306,0.18963294094352062,-0.26907684136808707,-0.2142558668840188,-1.3511136467136116,1.1289246345426032,-2.523891466826579,0.9317822401091677,0.6693868415533801,-1.1699652541297554,-0.06697031181729858,2.397012838376924,0.8589856362786329,0.7558939962157826,1.7673260419206605,-0.19591457132603643,0.1415261117290399,-0.17156224287923574,0.4490378787451813,-0.049520489376718824,-2.4806143043332325,-0.8378603263078082,-0.9121960008573033,-0.7997463927104026,0.031618771976683405,-1.5422052764617702,-0.1990675289998954
-0.07564022741508884,-1.1488318289150043,-0.7107832876393334,-0.4493494786569025,-1.0421057859964307,0.3501447538727891,0.6857838558504817,-0.44586337374072577,0.505737659174134,-0.5801042391834718,-1.849289897887407,-0.5541556066902078,0.3257180494233858,-0.6337364250991155,-0.23300213667930733,0.24596754261029863,0.7553305034454568,-1.1431970227144335,1.1563939913680554,0.27995146950185373,-0.7289662067392889,0.7417007009250384,0.6417810771266396,-1.04502737128667,0.46979535393529437,0.4005345699949276,-0.40047041270421485,-0.18308723159054596,-0.035982839541088,0.3853419795644963,-0.03802920759834245,0.9036739283873989,-1.9023962663546221,1.6603071137314456,0.09484437427324507,-0.3155943088598946,-0.2565277326216835,0.28626479886365885,0.8605373692856215,0.3707018140718402,1.9101400821933694,0.91822593732649,0.18187791161359693,-0.13140360900346265,0.5603601312839553,0.7148758174476987,1.6753919136108033,-0.1210460024901637,0.5858990577980513,0.053158982719277915
-0.9918394135618184,0.2631404925893574,-0.6334006626601356,0.23407078744871748,-0.5810850879116009,0.6405975740627214,0.5541691360334089,0.40973048181204186,1.5661081270259771,0.4864211441432754,-0.8075273709366346,-1.38298426353656,-2.0888385447845508,-0.6797951076472474,1.3621663946333387,-0.4179606705243716,-0.5251697703192695,0.5841458664785214,0.9133722789044896,-0.6781430103224392,0.8608625915900462,-0.8083193795948593,-0.2228970672935823,-0.3487365412490282,0.4971904109125688,0.5071773341368669,-0.5299221672437239,0.004752369208378447,-2.127225051332644,0.577053235524407,-0.023027926782606917,1.577938565711289,0.9062515114753731,3.110300122531755,1.5267382382136132,-1.561260997209691,-1.7370821064672828,-1.4609068160731238,-0.729047368079705,-0.3751595851371908,0.5552498234456733,-1.085585689476837,-0.6362549270104267,0.7201474037727303,0.6836954517517637,0.7360616337504757,0.004829416055084669,-1.1649743685077463,-0.2684479154988796,0.03306330293072138
0.30703074584414963,0.24800267490038963,-1.5702261369776893,0.07285970023856021,1.4868266291125458,-0.36004022791373974,-0.7075631272302733,0.4451180884037199,1.008568865784772,-1.1605624020696923,-0.7494228766180567,-0.7917816625211346,-1.0115094127625788,-1.0843545952242957,-1.0068760805671761,-1.2684366136878233,-1.1565816763332424,2.478816827543683,-1.8752933179103055,2.692595000355146,-1.6345019497560707,0.3825654989177151,0.6706526740793909,-1.4873010858296687,0.7922375556621644,-0.6534673218268804,-0.39157366608984184,0.43943835932371816,0.574850515862404,0.7049280566643632,-0.4681871572628483,-2.0112979541525906,0.6471432642570638,0.7116691519691887,-0.6834474267457233,0.41307204780873236,-1.0536738907637793,0.9234321310624792,-1.0094433101394007,0.04425343612161562,-1.2136339997485655,-1.0872486828338306,-0.5361685908089138,0.22921052732742345,-0.3325861532847771,-2.4913411929816296,-0.4631299130580608,-0.8368678398028566,1.4794653794340902,0.9818188167765695
-0.11320911265005994,-0.798783590418585,0.47310651717413416,0.2851014462448185,-0.943893423607601,0.5533728264599257,-0.6651785256785335,0.16895769156969118,0.5443664309237048,-1.1105533787497837,0.8834606764158579,1.0041019052514704,0.9648740613861712,-0.08781561961089897,-0.2989696732728306,0.4332062590575667,-1.5479361591160963,-0.5395530190667186,0.5026247104298366,-0.2550640846048612,-0.3090022940456654,1.6858545106925973,-0.6638031193071239,0.02597359310508834,0.7797346885190134,0.6691975066045625,-1.0887863854009965,-0.6404396672100215,-0.25307625256116506,-0.7547537708680151,-1.1877258416567236,0.9787083620545075,0.9382629405378317,0.52516033864272,-1.5916287347868472,0.9706560894194589,-1.1260455763070736,0.5435816201989049,2.3770515661191443,-0.6572390947263037,-0.07887795550888771,1.7674276890604113,-0.9311117397215052,-0.19210626481429405,0.3621186045092064,-2.1096827555318542,1.558620047475136,0.6168913748742136,0.1316498367115092,-0.23638451609366318
-0.8277104559047269,0.7125440411633642,-1.4530746002473145,0.5165015951525287,0.49846654202030394,-0.010552635088276105,0.32655899391021787,-0.07237814692773642,0.05552356831515151,0.18662907654082014,0.5514381387171773,0.6533108335191364,0.6092358570856242,0.8651271777505936,-0.5697027841686715,-1.8404840386988983,-0.780253415637476,-1.230740522228806,-1.1353487324281342,-0.3759185589602564,-0.1791684625778148,-0.1682702995131331,0.7570176578705116,1.1127909503246036,0.021213482131994633,-0.3643631676130771,-0.5835836917275624,-0.6298711207494294,0.7994468732062423,-0.8723675063796814,1.48526443215008,0.8513448709878024,-0.8278674751249552,0.22011099639527493,-0.6402162467732474,-1.596169364083506,-0.17467483317980884,-1.9422395581137921,0.6671220781054189,-0.03004802426929713,0.5822355129241666,1.7797495473116163,0.714786273075343,-1.0520794969371163,1.6949210931937462,-1.621173858037502,-0.6402197467636072,-0.6875316835910761,1.3393998633345447,0.7980248719105043
0.029345266322564192,-0.3638969350878042,1.233680037637174,0.6335517237931794,0.8986287892239117,-0.9338015681693068,0.1473804659899565,-1.488442566227875,-0.25910494588146515,1.0448907155546843,0.6359932139371416,-0.17068332948903675,1.1046342513190497,-0.17508454436921,-0.10845192822882889,1.7473930502593142,0.588498642100618,0.8335107252114108,0.0016134590143413955,-0.2331587330818274,0.3357968613538134,-0.21248883353548234,-0.8819530390342555,-0.35944985195445484,-1.7713576357783372,-1.624225608130839,0.08800295872157776,1.0332051130029367,0.026052435325592725,-0.8368308956353244,-0.1914028422943273,0.12523347744891838,-0.9713587909692628,1.9198168610610646,-2.5209313602487256,1.0549480825619286,-0.008322293943764866,0.4766521290014456,0.7886611290453844,1.0113161072429775,1.7831153275691876,0.8516241151598335,-0.8869275878967543,1.0113620459341448,0.387502349551102,-1.5017292964652413,-0.08986790661939387,-0.35626434934601947,1.2052039439006343,0.3126253916101144
-1.304303987193969,0.3627864262725455,1.684806930699883,-0.11083520478402285,2.085022000988829,0.41591514018993353,0.7234558364684033,2.245212325354605,0.3601217413244348,0.3759387178075978,0.26133196684412047,0.22576442371248687,-1.673725993826883,-0.5360373121506304,0.28100088726164946,1.9623751116107095,-0.8186601439635702,-1.7516732670488013,-0.06792245734822477,-1.3692298743602105,0.2279835466007975,0.5721475213970741,-0.8395904062874939,1.2658079837641476,0.8852286885483371,0.11574181501714216,0.47593596496543733,-1.0909349270413822,-1.1794203367746254,1.0547777328349632,-1.1597318037834128,-0.01984527413757013,0.8717249007739254,0.6449316533027917,-1.4437649118661924,-0.392295518994648,1.0571754552296406,-1.0901673360980497,1.0603168417871698,1.197171910234632,0.48442188242250384,-1.1745027755612747,1.2198295403257249,-0.28210538480123115,-1.6317362797982113,2.2644697697720173,0.42644065073104165,-1.0815532844836255,-1.4754530163634205,0.29943239128091964
0.566320096637402,-0.22138617023522142,0.15174107886288665,-0.9330094604455003,1.577155081276674,0.23242948372198668,-0.3455476679578793,-0.2324542968843759,1.139567817889329,0.08376437476719098,-0.4906108578007032,0.7026069680284159,-0.32481714118031035,0.968598656985248,1.226103027366492,0.05807301366594286,0.02540575964557606,1.3728799663040705,-0.41402838857624447,2.9370545476993244,-0.6526404876522303,-0.773639743256045,0.26956219981293866,0.9055575093600117,-0.4012139709980357,0.5410703789119413,-1.4025057967670482,1.8315423578003514,-0.39547229356198205,-0.749491088206894,0.08064627957431479,0.4200226713992493,-0.5138573372023113,1.0887519413360975,0.14397771459142275,1.5856673556100456,-0.7128246368555028,0.29400004162175963,-0.09867623360472885,0.0011096343983525076,0.3835026658635137,-1.6967641388433206,-1.0398296600011003,-0.2649712213942245,-0.8450444329922651,1.2740446049018626,-0.09029408563607502,0.07635207231502762,1.4045055054902558,-0.38792567183525506
2.086482989269967,-0.7461212490795213,0.5122788964669953,0.09916752254562165,0.598342879892131,-0.5486574680465812,-1.3988666334608426,0.18429697196255437,0.5155025238749089,-0.35602396945204745,1.936887671525463,0.6226039766549438,-0.3597529730012616,0.2566409551591769,-0.2291626663356894,0.9504151336720946,-0.3896151151343702,0.5608520638089398,-0.008153920973321578,0.19311859244837132,-1.8812422459264861,-1.8718593608254777,-0.1795477630840038,-1.4911605923423168,-0.14805966802823642,-1.0474840761302775,-1.1435148570471576,0.20049489895756248,-0.6532618925305684,-0.9305301260112381,-0.8307203091327799,0.17441344741973555,3.0776482396437443,-1.2987215630789886,0.018070375134165196,0.6450340228969471,-0.42324694360417453,0.058220374433879896,-1.693042896269828,-0.7550636878116569,-0.9380034305170055,2.067909125689804,0.9467213164592401,-1.0147894898762533,0.07911435179627944,-1.3794431185586566,0.9125363458944712,-0.7293908533064306,0.566091673899713,0.4330163074141259
-1.672599123782748,-1.3977427825798694,-0.34691808850919503,-0.5877305619741637,0.272069070701372,0.3818052296199118,-0.27159055288460743,0.2874085164930664,-1.4351035370010914,1.5997872078104396,-0.6462151714749426,-0.5770574462233005,0.48742216647646386,-0.20175579659464887,0.024938523752073272,-0.7382206795710248,-0.6691016934113913,-0.48058109360696555,0.8679996086651228,-0.0058623332256326835,2.1961827264372897,1.2068327614198564,0.2725067195850016,-0.18744727835930164,-0.9017660826581526,0.020425865718143227,-0.006282069475953505,-0.7003858763349047,0.7528798519251246,1.4068530325902502,-0.2520129404980345,-0.3857189771786374,0.5739431017203235,0.11910564336360706,-0.31259544065110734,0.9292973478465313,0.8650889242017439,0.5736641865924964,0.8024076089373564,-0.2828035903943767,-1.8591884905178815,0.21428014019744168,0.41769625067255284,-0.11190174036208403,-0.7003729082193593,0.6258513408866059,-0.8082227891043612,-1.2143049087988176,1.5314526334349805,-1.3021928691371039
-0.5113255602816105,-0.6837450098990037,-0.7929666661642786,1.0847520748709918,0.291375255641875,0.6589054067494757,1.2466532469626206,0.1853844073172745,-1.4250541593222779,0.06642758077595382,-0.05880052192075438,0.5082834974418228,0.0621744251636715,0.0037625450801217603,0.6092403834658473,0.6627747043020832,0.9795640465682651,0.7743246035805921,1.557091761151167,-1.6654162754901538,1.0131533229962828,-1.059818373390711,-0.029602589265378277,-1.6505262459290049,-1.176245899572083,0.2997858566029426,0.5643584149812567,0.4304105544885646,0.14241258298073342,0.06521730289134617,1.926752399399626,1.2232405110814877,-0.8554100166021843,1.1705355679989544,-0.45853221487291007,-0.1396470770300926,-0.49789154846832195,1.061004567264025,-0.8648815101815553,1.5557543869413033,0.1669891215116368,-1.0587950551966274,-2.2835949130229745,-0.5046786244676623,0.6511902866379774,-0.866764788480393,0.4179438793083628,-0.3590838108775145,-0.9605601426300199,-0.3203836948803385
1.0855033820815183,0.5611515193114833,-1.3052186236627323,1.3224479121180839,1.4101048519248829,0.1639896435794326,-0.8251258933857583,-0.09580015246363155,0.06688332332542518,1.0409887926865293,0.49176888368978033,0.12954361314935264,0.26281291931069606,-0.4794325267996767,1.4374775649306892,0.5823782300568876,1.8031507956597697,-0.8601848599729253,0.7233589640351094,0.19611421376506682,-0.6097492694741566,0.5163371741676013,0.13661971287165642,0.7414134626544444,1.1892991759015024,0.37164227957290197,-2.134122711094985,-0.07297739943529341,-1.4184824747912859,0.8589779570591983,-0.4896379029036374,-0.864268009106353,-0.6901133191905316,-1.5658408637378398,-0.49689391789282505,0.6814927931690534,-1.209948981682431,-0.9925138110814606,-2.0873334370868086,0.467899921894956,1.6023756460898693,1.045390067378187,-1.978657487111464,0.6754876735652017,-0.07699207171235127,-2.7126884482361735,-0.7089697019721508,0.2680048307352495,-1.3207128878407173,1.9863991663838136
-1.293878485233908,-0.8119774041268377,-0.9066321523465419,-1.2786435237103322,-0.5251663927320847,-1.4138003399855854,-0.5375958085762754,-2.118348507938215,-0.06397689492188659,0.18748083657335093,1.2202866467934286,-0.36234058177776995,1.229217650332071,1.5518220644675356,1.9238604908413086,0.3639738180898024,-0.6221463895104878,-0.3163041102604926,-0.21624892894400344,-0.6509722524909892,-2.2349160159013626,0.13736873038859798,0.4778858787945593,-0.9279432254311026,0.31369939580151857,-2.125665094638658,-0.85454410300926,-1.177582404853953,0.47566468510124216,1.3394328718144335,-1.2061776938950466,1.6169334531690895,0.8798545898043321,-1.909605698501032,0.7527239544177248,-0.6080904960063593,1.1235639997755287,1.2576823861431414,-0.329626978940971,1.1666725639219429,-1.9921097948931894,0.48186155375470513,-0.49866598473115703,-0.03998410216953253,1.491273492596712,1.5410680059452768,0.8677524415000484,0.8411780418138529,1.7780745882062714,-1.4012015490968426
-1.095128251654053,1.0217207631158536,0.542614486796451,-0.4389789064920038,0.9083444253392617,-0.29109730145230417,-0.8491623339186615,-1.35753133724912,1.3481533676601096,-1.6827884395711332,0.6062581739820616,-0.33338018408827025,-0.27701880515445243,0.537839162165169,-0.5506861813588582,0.3711058053963174,0.913176015530105,0.8187537726334008,1.4498167804387603,-0.8399810513204663,-0.6120114377888595,1.1070792790599027,2.066010999187863,0.9296063641841666,-0.4753789026883258,1.1067002972454514,-2.5161506348818623,0.5687369415074663,-1.5663593785816845,-0.7367234317489443,-0.09744707153194886,1.3264169580135177,-1.7660320265893321,1.3597200488602912,-0.5750584953318859,-2.3729740804812818,0.5918559222454836,0.5879347348009796,-0.35013171092350814,-0.8498507812214432,-1.7300064949261675,0.04475723030044687,-0.14924249523924227,0.662449962296949,-0.2284539542840796,-0.3966238005152284,0.9192027317459801,-1.4248437203969222,1.5406462188135912,-0.062598921417988
-0.6801363258516204,-0.08458451412972079,0.07765711398508697,1.0247689717575488,0.2564325422408818,1.4106133476510403,0.8519516448874404,1.852718767216949,-0.6347322332285595,0.06338167362196594,0.8008749580771807,-0.4357545892152782,-1.050397681660877,-0.663394618736269,-1.1329319751897307,-0.7610413662253012,0.5980099815476921,-1.195801995138056,1.1574640401919112,-0.15780981198721863,-0.5462221163966116,1.987912833804084,-1.1712815649260995,-0.716287074862366,-0.45011985580506125,-0.31379382603741873,-0.36237286855958817,-0.05476151216596776,-1.5586893786430884,1.5448611270658585,-1.3867916758263894,-0.34100780096592426,-0.7152895932343036,-0.27292482542651925,-0.3650264582335084,1.8935830250357593,-0.01384050784789513,0.073697314070405,-1.26735222533973,0.7740690230444228,-1.8912430212228406,0.8110610485843945,-0.4253056234642956,0.6721322925829407,-0.4876588119932324,-0.9520746768327389,-1.7834568271448907,-0.35615455518237277,0.27359470320049184,-1.6522159535220413
-0.6723726275221518,1.3619437467885676,0.5405667767673792,0.44137650040395626,-1.4222282497485552,0.5792360546490577,-1.72822090633309,1.2192473991909083,-0.1739060808835228,0.19071750054992087,0.2070389798679653,-0.6985317021286777,-1.3506277096601882,-0.21741909078778227,0.7645536309178639,1.6587452611280897,-1.2139669451494974,0.22735411288649401,-0.059897573969969954,-0.9956552240452256,-0.05985298079847897,0.08158566371250801,-0.41600661867843103,-1.1429330651094833,-1.5016840185977949,-0.14388802247894691,1.492845339606582,-2.445256548679997,1.2827669729542122,-1.2679904991028115,-0.40633764654829163,-1.180593359996467,1.7999624081257257,-0.03864981365581987,1.0243427579986457,0.5300515468128025,-0.30790753701009416,0.16936278238771746,-0.6073214431490828,1.2579964392125997,-1.6902129534923718,-0.329545779772553,-0.5645722322961899,-0.4704612750810729,-2.0353993010440057,0.04635687357335216,-1.1101617400749302,3.0522862305215885,-0.8017445240523283,-0.6452615182200043
-0.6350816648446374,-0.9183165538143362,-0.566632379161737,-1.2055782611673134,0.1784750065555767,0.7474801404287023,-0.05903830689641384,-0.1333660419844749,0.9787484833658158,0.7000058401989364,0.6888763708677025,-0.7954895518057785,0.84608119603172,-0.8759736172847653,0.5755073710991128,-0.2529532497975295,-1.170731268973677,-0.6339127932993041,0.18573304684027506,-1.2274280296108702,-1.537261661942014,-0.6774211158971726,-0.1427971941511629,-0.7620091069819697,0.7675024585088074,-0.05118266647823234,-1.0347096783005456,-0.24113036263281448,1.6176258794798177,-0.6763593897514641,-0.9468680551989312,0.47163444766212675,0.952496826146647,-0.2293110210380583,-0.615037571976975,1.3105360442894916,-0.19426936786287638,-0.9189588540581743,-1.3867911989432609,2.348439908201445,0.2904865757485474,1.7644925437453727,-0.7521927356070343,0.6392219510873987,-0.049317232042374926,0.5930864302350864,0.04079032993307065,0.15265179510004545,0.09724425656234373,-0.6188452100458522
1.4815814341120574,-1.2848220400787125,1.7711465216906204,1.4014551137130515,-0.7438283328050149,0.576867730263181,0.6625569996656181,0.8398963508821872,-1.9052541025445702,-2.4094334966770408,1.5277398668381064,-1.5364374661883846,-0.03017281876923544,2.5606538432003267,-0.8354375934832458,0.6041303925480673,-1.3666899369970729,0.7816390396869437,1.0117076576525255,0.49036212400432855,-2.046442341651219,-1.3776255081539261,0.2900295473664915,0.24823224477674655,0.9467015693528218,-0.5229728831901826,-0.4206670336472006,-0.08993144018839264,-0.730518340791245,1.2974419368813428,1.0342955679254364,-0.6912194182522765,-0.45016730066841465,-0.3619569438833859,0.06056486308573054,-0.5890687486298625,2.2339911981057297,1.1374670776739646,-0.3359653614923953,-1.987301007194671,-0.6066459814244515,1.0233901962690155,-1.0147590677625544,-0.25120804134318,1.1708419781699047,0.32876413735717486,-2.4908805994881753,1.252531112808467,-0.22573893308902201,0.7518158095113264
0.6019578288563163,1.1417670541464122,0.9454908239610824,0.8444485708362984,0.09297655788223479,-0.9666421621880399,0.102425682713466,-0.29758888618870766,-0.2371747334360365,1.1128617360471225,0.07688756700640774,0.38858780323472664,-1.566184773304672,0.49340416376824725,-0.9912762102238792,0.6961448236299305,-0.16657142398267732,-0.8319814828061978,0.7675051858134821,-1.7694415626918225,0.11862673743457304,-0.2578310025099343,1.5805944656629847,-2.7157544611531983,-1.1253606704777528,-0.7796248370880884,0.11504262810899078,2.107613523821039,0.5112026409372911,0.7692369690188929,-2.117786334374246,-0.26167421339869,-0.022627547704902957,-0.3081304159372711,-0.40728678125005424,0.6071551966793838,-1.4015803836136944,-0.27104569761907793,1.0396267058247846,-1.8694220070632712,-0.08704359350278247,-0.48816005511155286,-1.019071803990198,0.6693906399546529,-0.751283022495696,-0.28849920611074514,0.5443472093079965,0.6157152130888759,-0.7923657928571173,-0.36285861473861764
0.33740008123592863,1.6371033199465526,0.2080761080104433,1.9453524230390649,1.4082077666061985,-0.3755770993608883,-0.7092879923373367,-0.14750842196750014,0.24310773384504913,-0.08154638802348368,-3.98838317416349,0.5763042782175202,0.8046678914515675,-0.1661215736371607,0.391172318623047,1.358747723123422,-0.5898140008752792,0.552610158531027,-0.15381275416610984,-0.9132905323985646,0.971435262949994,0.09262424952610128,0.9598238275373135,2.1512693393881146,0.9545194118884625,0.009017369144423899,1.2427453807681923,-0.7178576574469957,-0.9082350771741287,0.3711287305450095,-0.22943226904392292,-0.771918835170546,-0.02577973527685702,-0.6454093700667142,0.7987644049151352,-0.417383525404969,-0.7303859389574241,1.49359573610049,-0.40678051413133487,0.892643280877613,0.05886034280106607,1.5034092216892703,0.5316360248758704,-0.08929452373226453,-0.8673767479635004,-1.8274365738465028,0.24150527824050275,0.5260891266209204,-1.3113762318763298,-1.3372479781598625
-1.0862028911676092,-0.6885323911720248,0.7146718315431989,-1.14221473311905,-0.09553098338813534,-1.6644126665820531,-0.6614233162879997,-1.8731464381880958,0.45569787754717567,0.7248078971266021,-0.172735951404846,-0.9670246596458105,0.14118229341742328,1.048761414574076,-1.238888208848194,-1.2939510222623514,0.4882399015354301,-1.0942784250440516,0.41022570890325644,1.4983530956881599,0.664034796971838,0.488921840701919,1.5766897591912208,1.3397885748719764,0.5224593182050932,-1.1021697711466125,0.8685186269641176,0.012695253796201818,-1.3975535455934802,-0.3072466436804852,1.289644375218821,1.1220050130309567,-0.779886682452783,-1.0352453069657221,-2.82161179377394,0.7637533033146371,-0.2713489069226171,0.8686163487775195,0.7103849096239275,-1.7779951573870763,-0.6289170476515954,1.343452223078036,1.0018925533168817,-0.9026074373535545,-0.23812298658633427,-1.2332773419069942,0.4641072073834224,2.6717660615334746,-1.3076141581892844,0.9758775092651495
-0.022683885686597224,-0.5097141471277576,-0.47824449665893914,-0.7735776443385972,0.2810595565034446,-0.4495612424440823,0.11067951918890259,0.5799786257474546,0.4065089814207023,0.5448503641062707,0.549963724830311,-0.29209111697641965,0.7906631501614342,1.1063286773261918,-0.060795147868529055,-0.5169843552583439,1.3561383300031598,-0.338991802546979,1.3126865569624442,-0.14682616301138413,-0.7370747969699731,-0.6102751741889688,-0.5350856827900534,-0.9252485110464437,-0.8404257815919791,1.7692722201328244,-0.7556407434035588,0.0929826187126585,0.4766209391711751,-0.24918230094197902,1.0114535083789926,-1.604656539722558,0.3331111120232195,-0.6391707291881901,-0.2656868749072004,1.7823598162291088,0.34232088833582724,-0.027486342597788593,-0.17602434219135532,-1.290493506593533,-0.29158810653960854,-1.2320872536271643,1.0025389014491466,1.5882093236314492,0.508974539931205,-0.8793201811468287,-0.7681845589732466,0.8004325665046219,1.2761012635818163,-0.9315066535724635
1.1419473127657016,0.7455959937289085,0.32038348440876063,0.7105352889391322,0.9772912171885437,0.38007119351835533,-1.2608676073641358,1.2819746595709625,-1.1278510766008865,-0.20545269060978258,-1.2667094771165348,0.270490557260024,0.643054203793348,-0.0027193861773194086,-0.7073484866665452,0.3483721998161727,-0.18758914211641153,-0.06482722641557222,0.10506151554761435,0.05824683377753823,-1.413663796358744,-1.1760980125020075,2.0717629913852744,-0.6644054719705972,0.893543343470525,-0.3212586352782672,0.6871012202430491,0.35428942239545497,1.3041296172187407,-1.7926525754322564,-0.11041745205652735,1.916332751368855,0.42525669417212053,-1.260347163389399,0.14379611870884274,-1.0787446821929476,-1.3556808225042931,1.041269090066946,-0.621790976028128,-1.2586470620797894,-0.3399770742636764,1.0090297164540696,-1.741525963263085,1.4130566473860373,1.2360528530399564,-0.31513445198507345,0.3921280632337869,-0.387488187242312,-1.7274415730777188,-0.05416229982379873
-1.0000140647520097,-2.047514100443974,0.6493506097927575,-0.2851101063302494,0.14940279330224504,-0.49392966574550023,-0.9553675451881832,-0.8173291549230467,-0.047006054432069344,0.2421803287224136,0.6884164069384829,-0.5933417907552851,-1.5016048874320869,-1.680360020401867,-0.3369954517856982,1.5718812360826018,1.0602843272165607,2.497226018442774,2.0627862721035637,0.10599617993505143,0.5899820572357033,1.2360005272948895,0.09780603729217228,1.463200862826046,0.42154709707659915,-0.7136083374596967,-1.0936653132825478,0.32649621921552174,0.3930664450972215,-0.06844917838119584,0.041205373203807974,0.46545126469734355,-1.5224949070432805,-0.7848047388095319,1.406588294763192,0.24018867877690322,0.40821926060494274,-0.0035851992621091676,1.705608951325899,0.041488064140165475,-0.5765405846845753,0.10538639850900562,-0.8923760499336196,-0.2689797322497412,0.12617076991429696,-2.3394341407485135,-0.4696791278511523,-1.8845954460246315,0.634597123580234,0.5633537415166462
1.1398816256272757,-0.12419703194929448,-0.10577513231938464,2.080393344008439,-0.48097253291080694,0.45660511464367004,0.7255296279259142,-1.7298236183974003,-0.16279757895862346,-0.5935217317658547,1.545416675305957,-1.1673675204984144,-0.8244520690926468,1.112845515909957,1.2855511221050155,0.6907661053403715,1.185255952939501,1.0488101238391188,1.2158005710670736,-0.01807277974606009,0.4418471187125108,-0.5013984193956913,0.3947487094774141,-0.6301098023110078,-1.392847970612689,0.48755409221090623,0.19661436756739586,-1.1188752320560607,1.2580758840795403,0.1939157170968907,0.8948286426669065,-1.2075570089315335,0.9129694092141334,-0.7358656702190619,1.601844146615509,-0.9557940379148222,-0.7851371276069605,0.4299066456545892,-0.787117736784088,1.4196022776564718,0.840105676154659,-0.31070848844050997,-1.1133670300113805,1.4153262209956319,-1.1850699836031626,-0.6324643338316842,0.9640312104753808,-1.2746848998636418,0.18626395654482386,-1.916150373281388
-1.1520697869450378,0.49231930878763536,-0.102344221397607,-1.0497116529741106,0.8273413176785137,1.3386092478828837,1.2642103715710968,-0.18407001232061387,-1.2509950528000926,1.0466302487625252,1.612341474120695,0.7976720341277126,-1.230300961081281,-0.9303707228714196,-0.263750045065647,2.2407179258074064,-0.9383363593473827,0.31437155270749145,1.178934623511975,-0.3580758751250113,0.25423928811286745,0.8530761499615054,-0.25845866507621185,1.2304466284513436,1.7419482606692531,-1.7780939597122045,-0.5871649873400705,-0.853660586124623,-1.6449124986109114,0.5934482310332395,1.279048363813769,1.512760408337855,-0.42647073818942044,-0.20565473015912178,-0.46937667223251694,-0.5866425789551977,-1.0626997931973863,1.0223086586865815,0.5238913307016916,0.05747725332376212,2.2413516463125327,1.1438099337644227,-0.2478827628372533,1.2414684473721684,-0.4445666653350849,0.2649678432724415,-0.05865118960297265,-0.016310764106424142,1.5275743400968096,-0.4861333991466142
-0.8398740798509277,1.023867526698554,-0.1807802333995662,0.2823057309669237,2.337829225790099,1.5057332138135333,-1.4594604505295057,-1.8719759196340853,-0.7906345622333225,-0.223577638029379,-0.7335080477683613,-2.1021430881667627,-0.2742207400220969,-0.047543775306929305,1.7028144383483523,0.2467462158666878,0.038430047953786454,0.5761954154325789,-0.9099249228311734,0.17010619162138652,0.7206700818958145,-0.803401104075285,-1.065651966624749,-1.534373998661086,0.5278103715383154,-0.4254075717551811,2.7918730561979355,0.4459081523164959,1.1785632166530178,-1.2248003386839375,2.8502422918167016,1.1952398764966794,-1.7277275818305873,0.9969908446087168,-0.4800321066697103,-0.7142972083538701,1.0395847233412538,0.6320000908393887,1.835235474648906,-0.9590885842043013,0.3193194244479707,-0.35688677304634536,0.46754724858746577,0.3255410846053556,-0.49758078293087604,-1.3201066079670485,0.6463834466744148,-1.072155748908887,-0.10691254335513793,0.6679470972294077
-0.33199346629741433,0.6518951405753335,0.5800568611113126,-0.3191627758320444,1.6704309765835976,0.5443741045965773,0.12061427571458473,1.081470442080411,0.7331858073648017,1.2220059463750335,1.4237564892014216,0.08712014386287359,-0.5348196515758492,-0.4395720666128323,-1.1065214078019074,0.05176540715529003,0.7093791535350499,-2.122415137543502,-0.6508528460733126,-0.4273920502235689,-0.6726259245361116,-0.2964349007766446,-1.6088555542071254,0.3330811023104085,-0.49688964400567615,-0.21334641252191516,-0.23945440159590053,-1.7464616898490506,1.6906282559868644,-0.6051177588116736,-1.2267790110717924,0.598150435316128,0.10188118446714611,-0.6102246763026574,0.6900108880273604,1.0854434421222956,1.2715267927149658,-0.8397839107456482,-0.6087702109408013,-0.08507260289319321,-0.9166684567947662,0.5330264626458933,0.281026240876353,1.2412030699494778,0.46600211972975764,-1.4688202136527209,0.12513966443918503,-1.7216641490343316,0.9022982234432485,-1.2943472419847826
0.2774888845685881,0.6400424552074763,0.6955408521264835,1.0687291873882374,0.7717003873341833,-1.9009143190277553,0.38156001503065423,-0.40626979328985247,1.2949917252385186,-0.018217011298714524,-0.08197540664508292,-0.8860057454920272,1.1595284263472347,0.3523361502038588,-0.28423920476063125,0.8958013620845594,-0.630294750585063,-0.8279060968404566,-0.835929509280205,0.9750388009662351,-0.09052461990027094,-0.47350114953816047,0.8577437468473503,0.05524819262906251,-1.0792875392278187,0.29963781226999603,0.32596149142119685,1.4782312982869856,-1.0147738087266263,1.4522024027302398,-0.7908337358250139,-0.9765373307129416,0.23163386715772877,1.4168591430020099,-1.535320007551964,1.2337536690829967,-0.12530397503731136,0.821098385653987,-0.9459393986818547,-1.4879594758513217,0.6758832146824688,0.17256994373932516,0.6542105989861321,-1.0619596822031443,-1.1807277154575402,-1.584113176555163,0.09389573566858612,1.0312287593816551,-1.1083547818424742,0.30588984489251725
-1.5146021606149327,1.142931077602273,0.09880458309987449,1.6419379228745266,0.8598065334112318,0.09164983786382283,0.26334265720837424,0.8171301397538286,-1.249001876411052,1.2460749761996026,-1.5121759570592648,0.8368733005338993,0.919154825116143,1.4572487316927518,-0.25932658106264084,0.544669202826237,0.16651944446990463,0.8754484213574965,2.089522306825737,-0.8908960209172806,0.6518996477301652,0.14602750023459055,2.068019593185043,0.5553165242478978,0.13327536092260947,-0.8199363198445837,-0.02032132834166607,0.569862357321115,0.1525201611412702,1.5825874197847152,-2.13390549920298,-0.3708170662475346,-0.5900646490660184,-1.171884200706398,1.752730704344241,0.8924380417880049,0.5351740044655753,0.5558556912913752,-0.11609656631108631,1.0531795749760413,-0.22576018574119375,-0.4564421143311164,1.3679974599020497,-0.4763816567778522,0.22163698203723875,0.6436272101069077,-1.10447812329998,-1.2529886510259454,0.06042650301060247,-2.3084299609662935
-1.2263309027403138,0.7464579778188155,-0.420515323541303,-1.1600893648418131,0.8524996948012555,1.5406043440756654,0.3076665567197125,0.48489422379224334,1.7151973363726793,0.4963446053398903,1.738051955046176,-2.2609463150567035,-0.22978387676507847,-1.128328173634048,-0.11226582059852216,0.5448013890224456,2.1165222257311096,-0.6229263532884219,1.909354434204124,1.22312698028255,-0.5670314971289383,1.1646418783299686,0.13608899679614297,0.37488581873351484,0.9199375781851702,0.21104243550279508,-0.7013977615904056,1.1750834919630906,0.5202018004509968,0.14778608715409464,-1.6537000742140051,0.4365884671583814,1.1616015646251119,-0.7225997331670881,-1.1946320098456547,-0.3551874779060548,0.39193391019351953,-1.3195018800527207,1.9794789409840694,-1.5970831630917939,0.0012524214349135564,2.35976299520171,-0.48375563824727774,1.1508253746476695,0.16447051887241165,-0.2660217854556017,1.4262310506122768,2.0207489186862344,0.3487692826165683,1.2047491986204435
1.1229783545574346,-0.20728423483170547,-1.6690835710143623,-1.204473521634524,-1.9717964433484696,0.1965142067607945,-0.3840429684395306,-0.561548581656844,0.25150741404737187,0.4839228006258146,1.737651899947602,-0.1993979236943989,0.4496501525005582,-0.4275537452658858,0.034462812975208014,-0.12050469836600376,0.05673261955384741,-0.6080852761155395,-1.108375962086744,-1.0884767476939943,-0.17250988360903216,1.0973661797153522,-0.16479588609251802,0.0019948201091462294,0.04499661837374174,0.4818543715592088,2.0757856231002823,0.3356155826807152,-0.2209384822549907,-1.1360882232117981,-2.0534859491037594,-0.5683347358357006,-0.2828841959555463,0.1679288662482976,0.17250109455501372,-1.4966747713405304,1.6486504377668239,-0.9733193550370959,0.1446830463318309,0.523304431080932,-0.7569306554953192,-2.3184260432134853,1.396128930962076,1.175046205941922,0.5382716597141564,0.7895065881079568,-2.2966814315791604,-0.07528232935384163,0.1924958825840091,0.992104069961593
0.7046710700015093,0.1603563906236994,1.6354842843211117,-0.08071452378972456,-0.8801181571636928,0.06351015783673201,-0.3422988848844408,0.3032567769253077,1.3064066191468173,-0.29157912788981943,-0.28986521288809164,0.29105539149120857,-0.09429424009492356,-0.004977127675770542,2.4448471322239453,0.8868760020006383,0.8394207469012852,-0.002005836506245524,-0.824840246824648,0.5540510483221134,-0.505933808867613,-2.048108990983423,-1.1765741550338398,-0.3548925711128389,1.572741497930267,0.8129390833130069,-0.9291504419122089,0.46090148248992935,0.08717381045032385,-0.46512992888428556,0.4532489292987015,1.3414710573355482,0.8034638603582913,-0.7808702834422268,0.04964068336591013,-0.3757501719259948,0.5810676608780115,-1.9512717819331855,0.1966963395835042,0.42985754181161984,-1.1713431084046695,0.3923972189450722,-0.7223270306752817,2.257928605480299,-1.6513793955835452,-2.021442310612308,-0.7363866273622491,-2.763305227966622,-1.246175348684468,-1.6826861716089145
-1.4433281552149615,-0.7009254903320762,0.42839597465693857,-0.8752009991149483,-0.09252173496043498,-0.7878420063792169,-0.786991169500364,0.08582897191088198,-0.3633677586780507,1.5072467523983877,0.5014133030554827,1.530180127288149,1.8719335562130124,1.188369544807249,-0.26631286255500247,0.5424153173099685,0.35809330594060435,-1.6356376571286306,1.1271715109997493,2.0919066367660033,-0.45136702724748407,-0.011481907879295044,0.057951277806247765,0.434255263602128,0.2611558834618843,-1.569581440310918,0.9373226585217349,-0.23273310340870346,-1.5003161616761067,-0.30569834469238566,1.340107104215306,0.8225793402185522,0.1391618979371261,-0.1015421384097311,-0.2441544542297095,-0.3352357552653467,0.18077963218653129,-0.30418778883573105,-0.4677666336274579,1.0270396367986516,1.964918765045624,0.645501464153864,-0.171270992880988,1.0621816533294701,-0.11440461051344404,-0.18914941222093104,0.0184065990063447,0.054959985909399114,1.3563428420511534,1.379709402517357
-0.44892803504118534,0.02032636631926034,-3.153955682534101,-0.42876137836483375,0.5667413950129168,-0.6324925410078385,-0.5704513630229425,-0.03407309184850483,-0.28420872750753556,1.461297167982289,0.0003701628967810718,0.45847237954652403,-0.4619156963241681,0.7371920331622114,-0.513122654001267,-0.3011221189414192,0.5748581309373848,0.8439352557321648,-0.9417678012923627,-1.2756714851064832,-0.34108290852514467,-0.7287364528981459,0.8535320550243076,-0.38439176123608976,0.2727965888380756,-0.9316965042919408,-0.07098476390395288,-0.20543556882494732,1.0692903933563565,1.3139161634062433,1.638709316902422,1.5189320258558645,0.7709240454584736,-1.121268175924908,-0.637422976503542,-1.5371947839382991,0.07971046389648864,0.8218766976108531,0.35120649792650915,-2.5534458941546876,-1.8236350150989835,1.7182622822491007,-0.3681635042607756,0.7843241925450296,1.1173831846728053,2.002314597041718,1.3827501847830914,1.0414844725121684,1.2621281439390253,0.6315858317938204
-0.8203273085654493,-1.2996111115252778,0.5158612544668613,0.6672765969030057,1.4537984278908274,-1.0392055337477304,-1.0212320884559412,-0.5776412164360079,0.49188932372159105,-0.851140170945825,-0.631067151138585,1.8237814264611063,-1.063292564161384,0.45578240800509157,0.37680502406848476,0.6629830573142653,-0.13714854234437832,1.6223649099390762,-0.8368356998784799,-1.1276875445141317,1.2781733535806274,-1.6343611239211975,0.2511500389481596,0.07885366586440601,0.07868030708833795,1.4551067854055095,-0.8346575968339742,-0.301058352435403,-0.9788994751974267,0.45452368674820276,-1.417343889909767,-1.7194147888681917,-0.32162601236857313,-0.9083327801152492,0.8487122497231767,-0.6276232021603145,0.5551464803212748,-1.4374725037758838,-0.8042241589467715,-0.5277543695835881,0.42021945758131507,0.9387513688296558,-0.38971807530525626,0.4449147584325287,-0.678843485694171,-0.5642823340130886,0.6395513250609276,0.4171840443576334,1.5539692063278743,-0.5822696562110689
0.4621516752748129,0.4589504743102882,1.2816704557971499,0.5057514263184306,-0.8229322321845908,0.011681298710202345,-0.6713333195415458,0.658048893213834,-1.6049406603796827,-0.16610896863380628,1.2332851944289995,1.4405249658696309,1.0412610413332057,-1.704369904276482,-0.7294406187695833,-0.23772981641215404,-0.03589321160785957,0.28233681450698095,-0.1393394414386417,0.9718502537854363,-0.84202414446194,-0.17726965673488,0.11959052141204397,-0.18899649361765777,0.5347029111940836,-0.27661959100823363,0.10152881230778402,-0.687127895271317,0.4532582912585002,-0.4456305004746904,-2.700635241134322,0.20890638222883573,0.9003010444222778,0.8576197077241327,-0.16474276452848186,-1.097463408530615,0.6855861857005198,2.1095477004717895,0.05785921735050261,-0.14897723455073192,-0.12036824931548634,-1.392464909567135,-0.2750076436590372,0.060613386165541495,-0.8414627731389352,0.028616404108496054,0.45099985474480525,0.8888463444151103,1.039293216071026,-2.874266825628446
-0.3154686277146352,-0.06756287382199587,-1.413774669831988,0.05391563849452774,0.13725205612452301,0.029501203950025586,0.20287793400019605,-1.2046177118062162,0.14911101939252747,0.06689876819865989,-2.1756864093938173,1.5750735124506356,1.5493208838207653,-0.2815305281175175,-0.8559275501036147,1.1658805545274067,-1.2776139594699292,0.7716994528811126,1.6064517531776563,-1.3431621742471451,1.0532238284657047,0.7170466698424688,0.5341423727159587,-0.7334985555478075,-0.9044195886355945,0.46894267123945366,-1.2611779793421645,-0.21302457292513768,0.4446135785063836,-0.10265527365658343,-0.9096123294268332,-1.5487845412820564,1.0425474394682637,-0.6241808317530769,1.8014522457735418,1.552714919549192,-1.0973865939587404,-0.4438504963062807,-0.13856751139768902,0.17653941121688527,-0.14719754971184879,-0.19549529645044977,0.029078673256898408,-0.7945976872545792,-0.9426841439591409,-0.8353899438459601,-1.0002719091960122,1.6301150635787904,-0.49155052333809296,-0.20619057815635963
0.9764778596729761,-1.118025549855012,-0.4024025603007041,-0.31030855306162114,-0.859470523212158,0.5576925215239189,-0.3162699699578613,0.7081319702310008,-0.3914987056000642,-0.3228849957222402,0.28162833039280694,-1.0379253901075427,-1.4542559761089675,1.084835278969219,0.24111840706753304,-0.19322819241903227,0.21034391335310698,0.6248588033660355,1.428288105786056,-0.008171675190338805,-1.659670555193712,-0.14990829087899962,-0.690142939636847,0.8197178406991612,-0.9879267416284571,0.006311786001961113,-1.7121349165307662,-0.881843995583438,-0.04043832447250694,-0.0656881888914832,-2.1207448852190462,1.3908867055961298,0.058550675956168446,-1.7164196515600965,-0.5016314181551936,-0.6298219230051091,1.678754036748632,-0.15310644905441673,1.9077200062530635,-0.006925194939825987,0.025143751652367284,-0.5033623116569959,-0.08603123011270737,-0.05600829347742,1.6051211670460401,1.3578951452746593,-1.2012843753880307,-0.19016895485432128,-0.6656329512189777,1.8301822661656362
1.5070803713951717,0.5194315564912322,0.5468527388753097,0.8851690769700264,1.2178553039305857,-1.1705497348105702,0.2841183256946213,1.0329584337420001,-0.9851673003711761,-2.670149772959393,-0.5439552251334431,0.1126397558068957,-0.1402217299151433,0.18099406065985718,-0.5847147408776487,0.6533303031050116,-0.29954786535488104,0.17062994113602453,0.5996043622842662,-0.06189398079399254,-1.1111982460471048,1.1869452090974268,1.2664839004464274,1.6744932677932824,-1.2692634957718776,-0.7656171354649746,-1.8998986892045657,-0.36525555308819474,0.7959791830223619,-0.10133356195927978,0.8073949360404514,0.8672688313580683,-0.33838422286941305,-2.5282060741712202,-0.1722459392242335,-0.4323590075454916,-1.2827010066647424,2.399124910473025,-1.7766236345473443,-0.3619022005463106,-1.045246011586389,-0.6448234064322788,0.7350033014719751,0.7961062432367683,0.0993112104178759,0.6083051236216961,0.5017994806880203,-1.4997851396555844,1.0618218588646315,-0.3122985695186739
-0.47555672055851633,-0.05757862685654331,-0.6650948166042776,-0.9369600274524361,0.22051561477351672,-0.25515765611894425,0.9611270046566558,0.357044197362733,0.4661448218605087,1.3108732909121708,-0.6486720652022179,1.42821142126576,1.2827526391965354,0.36944075115112796,-0.6619042130722345,-0.8011043632071206,-0.38277461698716303,-0.9761635775081707,-0.40929011131379256,0.14300022030078208,-0.5440325582957647,-0.6908356933039275,-0.26588784845068064,-0.49488514754288393,-0.5841582071355279,0.3380647702233257,0.014267384575705958,0.1979796390536803,-1.0707127045217022,2.501459841732689,0.5198502643727482,1.7618255789559083,1.4400079623939046,0.8287682222873394,-1.6264319819025752,0.36960208105358716,1.9077745927401348,0.7534514528139357,-1.198806811638029,1.20314044987993,-0.823323075775243,0.04215094030547003,-2.0067936546821703,-2.1076629709712207,0.5999239553467962,-0.3342202483508911,-0.15672204512990864,0.15610032232854648,0.3946534479554824,0.3786246059876864
0.376614260463673,1.2177057465606744,-0.22935767171205482,0.10624950459305423,-2.0893676729471036,-0.4151267755608231,-0.7165995386048332,-0.2821642537082398,0.5341058200421527,0.5358417028806204,-0.5848286029467346,-0.059262165176257056,-1.694975714741393,-0.14805313462148223,0.7342904335726025,-0.11200700397516335,-1.498743901526675,-1.0981429444163653,-0.4966587691347198,-0.22146327374882988,0.3165484250548336,0.41452049177119027,0.5047265322022836,1.432595439611554,-1.28027557201963,-0.7924822074299877,1.028821614237486,1.0991366217640512,-0.7225980720679578,-0.10849176387507381,-1.2256202617327299,-1.100226188975999,1.169225931933374,0.6562499949777034,1.3365362103903662,-1.3400005002369848,0.36487564764039904,0.9904112428068228,-0.2843589315868097,-2.1670831092171845,1.2272444684084882,-0.20147071697274163,-1.312095197614596,0.7449202171035773,1.6181569290449618,-0.27867524206942673,0.13066068793280153,-2.0943372024645646,-0.999805223498255,0.283964920991718
1.2568275453405426,1.4483766998183047,0.3554062960516826,3.137573421210055,-0.901162337999764,0.2407627289873733,0.8143608172059135,0.5008383278482279,0.3991580862372981,1.0066801761454185,-1.3196953277134331,0.7779070114329815,0.5919479368630677,0.20493542831919795,0.005310929158682915,1.3723753798439102,1.225501874472286,1.016557097197939,1.3512442633435433,1.4637598477786267,1.2052149287158895,-0.19264524802396843,0.03487814819623573,-1.3088771051955408,0.6603775549085078,-0.5768340925206832,-0.3034723341082516,0.45387935120819006,-0.05637092700782795,-1.5888609421587214,-1.4697269856134545,0.08292964446916799,0.6998479169056618,0.06082079862623971,-0.0013154406941495837,-0.5517474995791362,0.23720909597525594,0.11425537760369198,0.2427671826248089,0.44557445151736114,-0.07318849571437396,0.9902678915883667,2.5436656090781757,-1.8025003460487095,0.47442992064938116,2.821747568236465,-0.19819836135382726,0.10486243125857737,0.2433006717836121,0.20958412699893356
-0.5764815456824002,-2.023349436454073,1.4465921220754765,1.2264341515491641,-1.6611580206925174,0.021007346627759563,0.4039002476788288,0.18791981242335173,0.6514305084645235,0.41093260197927656,0.4236208583180666,-0.3435162114257059,-1.5346717486324841,-0.05023403377145649,-0.23833568207404435,0.8717278931767094,0.0775225362454874,-1.0349295910011957,0.4572577822373254,0.29056993438817796,2.5956623292508483,-0.7487058534420821,-0.4417300633413829,-0.038260398534337776,-1.096245526387921,-1.0103350467382768,0.5811532209528922,1.1005393519027025,-0.02123518866222913,-0.3521268869939593,-0.7852712587472671,-0.19897614844895017,0.918125794541819,0.4973210651887876,-0.0874615656437576,0.4368011110922078,1.1646682756349822,-0.8677408035663404,0.23437531875444265,-0.5135802583672008,-0.9418814952120251,1.3034621708060585,2.048277178063937,0.8564649915209609,-1.529980690557498,1.1021858912320837,-0.40931894015682646,0.30607703500849076,-0.6196103715318859,-0.31553760696163274
-0.9848582790182937,0.6821038096824638,-1.0621517134016878,0.3226756407801961,-0.3977028761312189,0.08285527356374271,-0.26360860656652385,-1.1195589483191188,-0.12873781141808927,0.25477154394393137,1.2601537767142739,-0.5860126964490566,-0.4273203930530447,-0.7132280641120108,0.39211890693620793,1.0048194496357221,-0.749627256888217,-0.9573210545922257,0.0037305678451344687,-0.8250083025370537,1.1270841859790615,-0.23351272139217547,-1.0427816838688673,-0.26638387907507893,-1.3597448034622395,-0.18232124602315822,-0.4055386577900253,-0.20145102016762542,1.622724467338458,-1.3605259797082752,0.3491234412955925,0.006807555973124732,-0.9908435588144491,0.7030430408090981,-1.161585080006525,-0.36024972263303373,0.015201013612293139,0.40776042120140144,0.11267654209910839,0.11597490922545764,0.6090716428690891,0.8994060720906645,1.12155221114243,-1.2683582191844176,0.2719322046677611,1.2412666432786104,-0.43229276950887147,-0.19440150993014366,1.7982658364280704,-0.17622683662899177
1.0650498616269253,-1.1355837506731543,1.0688269393033598,-0.8610193414385616,-1.1693862633674046,0.7136744496667691,-0.9939678000056185,-2.0043567471341643,0.7655932156878007,-0.4361630779043052,-0.30753135849215774,0.43142848383278004,0.07747546869831017,-0.3466398108889072,-0.4632228912836352,2.1605066102464376,0.48832078133249995,0.8524044792064881,-0.4655184259847091,-1.421472733805299,-1.3000830001642512,-0.3727477049659459,-1.3901687534910314,0.1127314211278541,0.11313470871134951,-0.36794003729876795,-0.47248026009412153,-1.601062410809463,-0.9139378124236314,-0.1469991002603413,-1.121667145132394,-1.3755794620554587,0.36595218923731154,-1.2427043940398843,-0.06931869194404214,-0.3702724854216891,-1.5050215967672196,-0.5438987419960302,-0.26757711356584835,-0.10769163231395606,-0.4366406436652144,0.22198652496108565,1.5622416863600965,0.9419572610329977,-0.028133149363007252,-0.5183533771181567,0.12745562365604363,-1.6977954587217943,-0.5442675287711373,-0.5294887294694856
-3.4708560128243637,1.689583479740839,0.5749329768652819,2.4107418820625335,-0.1649696688551005,0.938579373040343,-1.307472900368973,-0.1432479677753328,-2.054420373483356,-1.1535522041926496,0.2164945277326959,0.5524686056887146,0.32166183396341425,-0.38790630924965824,0.9345062268966263,-1.8822279910789295,-2.1415217373135658,1.1084443223164753,-0.8888655351517258,-0.38169114217963795,1.6440139420552016,0.6608339119470072,0.13923174320707704,1.4781414367292778,-0.35677620508361946,0.40444977587824077,-1.810328271391683,1.0546732078789882,1.4270789039516358,-0.30034618298724525,0.7382563033648336,0.9699952357425089,0.39563721613467995,-1.1755013001103716,-1.2702890118219687,-0.7084493558321361,-0.3735948721408897,-1.446054235470421,-0.2805727530825946,-0.2890590898812208,0.8307909870142555,0.9540950555573232,0.3840818197453871,2.4949808480404254,-0.6691856653674318,0.3046932614477634,0.4505340832922087,-0.2061567657117534,0.2621472908807342,0.48308557068029284
0.2388702733729531,-1.9469761012071891,0.5775061308408136,0.5557501970624589,0.20001166787667587,-0.6616382520413976,-1.0287054057979805,1.3919774288460498,0.36872231076029344,1.0127401179587103,1.9224894478286647,-0.06771529388858566,-0.8814561919026583,1.6977392684453156,-0.4247942251358387,1.0624949693324008,-0.4848544810099495,0.7984794317981544,-1.1686304154707972,1.2324385423146176,0.042199210865758105,1.6225997591272185,-0.5874249793420682,-0.4621268873277891,1.455395446824595,0.652921051733179,0.23461604401102307,-0.10854743495262402,-0.20845436043784807,1.6447704682675988,1.603591254085984,-0.6320476770956273,0.316952145430217,-0.6784888366426219,-0.22496041193723126,-0.45508519222649685,-1.5422598309659632,-0.1727302550912261,-1.1573696834333513,-1.353480808477183,-0.8556320361214741,0.8302366122149631,1.094042494754389,-0.34916472336420634,-0.9310420864668438,0.0891149395642046,0.51414657330381,-0.27934613269555686,0.7522511401507223,0.13009876683670282
-0.045073199397469364,1.0557697256937575,-0.2858165533863488,0.8057176244366658,0.1959004036080508,0.13655364606871326,1.563465393618616,0.5365224191780203,0.4181706309206241,-0.2739992820530264,-0.10343945815497209,-1.1858991645797998,1.369478988466128,0.514823586030519,0.04837357576223972,-0.32490684584031543,-1.0740761554780913,-0.46253032321278426,-0.35127128313119504,0.7255764660674533,-1.5058678560622347,-0.43477363510616657,-1.208905504632505,0.38084323597727066,-0.860493309945981,0.3242444921290568,-1.392937601017254,-0.6362382408571736,-1.7458853013793934,-1.31992227350839,0.592990344785882,-1.0255387796206858,-0.46494052395311253,-0.40621038491133904,-0.19478424074088702,-0.37423403972879116,-0.8587438100620648,0.4068001866668089,-0.7900061392656416,-0.9992519683733168,0.13413730477017538,-0.06736412769357356,0.665367409457835,-0.08759593327550029,-0.36477532909372645,-0.5748819490512398,0.6128369806343122,1.1949944205145744,1.0720545587267731,0.4311528201626353
-0.9373920757715214,0.07025255669999247,-1.039245493755288,0.09751316224547851,0.6889709203534733,-0.26317131507242436,0.3768289785914215,-0.2156193886590197,-0.31371601979664726,-0.6423407478257243,-0.28529111955995257,2.2630538726375575,-1.3888199053902635,1.395325943032643,1.4648020198650826,-2.451177305134138,-0.30897882124088044,1.0995714683577256,-0.09518485927559427,-0.20702517895255707,1.4121498712795195,-0.48591715779985806,0.6323224214980033,-1.6554138338922806,0.28281291882943577,-0.05492901969023664,0.5070679792504909,-0.7330480532458669,0.6969515161158646,-0.7366296913954657,-0.4787283106085865,0.21607548683465816,-0.6016836244165717,-0.3994068455695199,1.365679996267479,1.2507165037087644,0.2776136628602281,0.4765760933570752,0.4585934420694627,-0.12755826750529123,0.7859659737634808,0.3104550088465646,0.22890480623589274,1.2139715351004468,-0.4291979904170743,-1.0441980315019646,0.06296036454679954,-0.12292773250539415,0.22904611448273005,-1.222254123490249
0.6896031403990784,0.5266477702048401,-0.3377945137697926,0.33588614832339375,-0.6350758315369011,0.7805310584438153,-1.0563436293056985,2.3043164281177217,0.5815902071735736,-1.363664056856794,0.39669613872997694,0.6839061169054826,-1.3168646470229857,0.9642416413194689,-1.216914201953427,-0.6222369779386573,0.5364056150176473,0.259686149707329,-1.00392364897484,0.3360485219887291,1.3773691290281633,0.8933433561623866,0.5265668400541658,-0.05113606114676103,-1.8216559548297884,-0.6156608896812321,1.9928350660762266,-1.184446100144858,-1.5740529958043263,-1.2465234092628734,-0.6778342667600684,-2.3012796748706768,1.3495614918153769,1.0061033027956297,-1.575212681229055,0.6436231441894023,-0.8311551502358554,0.6569628750612054,0.611853050897985,-1.3347821232998938,0.17670363873033032,-0.33269071573516795,0.5898839036952784,0.42788506500795237,1.3681403116558633,0.5720723720832714,0.595941369889019,0.6021722055733156,0.4100128457283448,-1.3419468925273232
1.0724792662114342,-0.4128203763255454,1.7996578507557504,-0.8253891636268078,2.438887938820354,-2.20653321970346,0.6375606417269477,-0.45865206634931205,0.2719865157783769,1.5050060669401681,-0.3113183338438151,-0.6180607928181419,0.7693780786774265,0.21356393959433023,-0.7874429390767093,1.0044566416534348,0.663297776137601,-0.44831215515931366,0.6478577375765368,-0.08614510668101506,2.17844549681095,0.3705053885053576,0.9095327048074257,1.3829365551286301,-0.7040010097371479,-2.3769831477451997,-0.5464516438461837,1.628571304527725,1.194923559426875,-2.4304619135959857,0.8766604194274144,-2.4700233199768875,-1.1247842079733334,2.2721346037637167,0.5460500695744293,-0.323402642645299,-0.8957639334081211,0.684294211681783,1.0104259517223748,-0.020068989453008283,-0.1516967772239866,-1.5973196671499985,0.4134532136709986,-0.3365614503936656,-0.9479733407892829,-0.4285528245526212,-0.6347330608306132,-1.2104271776211224,-0.1377604104273493,-1.4597517008130045
-1.9069051269224762,0.915831773603777,1.7782588894174807,0.8151306284288332,-2.5187998226635466,-1.245231783867304,0.7013533994291372,0.9315338342225477,-0.6205287870260947,-0.5076803428922663,1.2119601077292468,-0.5839252810074702,-0.0008999216019515536,0.0580063227481264,-0.48167627086679315,0.11688203435744467,0.5382455496786783,0.49580484476784564,-1.5373618796354798,-1.4719073161024798,0.3264545517288557,-0.42067446534834085,1.542229713579691,-1.4744734528918968,0.5835265884540626,-0.2624916280802263,-1.6736147788767557,0.4186430735800663,-0.21034091834115648,1.7468996991508838,0.1509719270360142,0.032646449298357076,-1.6596239202283027,1.524638041228236,0.03630341541253329,-0.8858885029704001,1.0765771619366213,-1.0328652677665922,0.5239068643202541,0.9480388012006338,0.48498034127523687,0.730251574667943,0.31011429854309985,1.0518515690425263,-0.7156801675445434,-0.15065348901750794,-0.6421231556366948,-0.1943409850149158,-0.39509403461948445,0.29926767389728365
0.12536133033351682,-0.03248290821606031,1.3207045310287255,0.5623627429217609,1.3321543383434833,1.1832604917361877,1.1136803915245348,-0.8962060560530798,1.7763171763964685,0.6293651286399601,0.11176992962150732,-2.924666704589031,0.541188651950802,1.6364962523403748,0.5604885692264051,0.9959241484809784,-0.416399901240621,-1.1604726757523562,-0.10641489841077721,0.45486144854905375,-0.6492594044638531,0.21856846648707912,0.36005855284415067,-1.818650652356417,-0.6722812607880978,0.6974331915353549,0.12696332263888907,0.8046495597670689,-0.6103773878396704,0.9083017683069665,1.2318515408376618,-0.7592243250107428,1.2002663534228786,-0.19264861591799345,0.3319890834869641,0.03853523062328478,-1.832342307516645,-0.35170982929414146,0.29560286449778106,-1.181733740293697,-0.07359746261517708,-1.4267195930771428,2.0851717471076663,-0.6679737251170139,0.9808084623945202,-2.339550010213006,0.5416850362784493,1.9372971947650361,0.24810880489069087,2.7794872902040013
-2.1977295592283306,0.28903432454063616,0.4334036569494476,0.6223748169971235,-0.9088540904632344,1.2938425621683567,-1.0100664874651486,-1.0329728666014404,0.6511386468025515,-0.5313492468467447,1.4986739339947888,1.270144799056944,-1.311536920112144,-0.7226839570623855,-1.2561125699188966,0.1751671861584031,1.6369563094954134,0.36368674715959015,-1.3814871477197461,-1.081421725971612,-1.609343513238919,-1.1061532402363414,-0.5091862565325105,0.6557561776030777,-2.028710486030052,-0.04216450958634807,0.5506214687286023,-0.3786522314414581,0.9891697071363315,0.34431972155980384,0.9841276950017931,0.315677859596563,-0.40084971604349245,0.8647060755494592,0.2999943646140275,-0.6668999357359674,1.6813789872016358,-0.0743831971311685,0.30906854212348067,-0.938652913813537,1.3121581308403814,-0.18817231590588337,-0.9594724389383048,0.0173797869003798,0.2165477311474176,1.0177567448940803,-0.9486225864343119,-1.1067979025646884,-1.2277614324217654,-0.2569539533288273
-1.019762445730241,0.02523596908365039,1.1132353833404351,0.23476731947749305,-1.5495552234388266,-1.5728852963132454,0.03626003952537283,-0.7816184237969388,-0.8001097363695123,0.4604904837202544,-0.441429368809167,-0.5856295430902947,-0.7406279195735864,-0.5298077184528335,0.3302678642561662,-0.2205689855630713,2.213983961959754,0.278506018936781,1.2623240948758112,-0.09376339766703388,-0.01885799716443681,-1.8193809656822069,-0.03646066253283494,-1.044219437768876,-0.004698097079243011,-0.4360603934840658,0.10852039898121468,0.18923302291528554,-0.3826575796634733,-0.6221688000549979,1.8739370520027272,0.4233926286112773,1.0910598457536835,-1.5747220262687334,0.43347004479789447,0.957309661008257,1.620167956046068,-0.04439318867887703,0.11142654841873352,-0.5254795923693031,0.610011731581365,1.5538201555744473,0.913147880880825,0.2660562552931535,-0.8828791188259008,0.5138287990615873,-1.4047092158851093,0.015256832468451715,0.31769445529939017,-0.7299365108878029
-0.38553599539593597,1.0336247441103235,0.4869346137853325,0.1615961966619278,0.8320462801913342,1.414805671746822,-1.2088132128850042,-0.04529934484224168,1.3028865588113014,0.7862849906221844,2.71914880491084,-1.0072422107956236,-1.2092218920718978,-0.23298150876143836,1.6221632406084474,0.5132868081770338,-1.4964766292927894,-1.0657123464241836,0.12806182349368858,-0.5009995924242366,0.6970149034904466,0.7959048214057709,0.32505604198059207,1.3865589762592225,-1.2316459082651101,-1.3628062598344535,0.7299397223158784,0.5103491479044524,-0.561488897071007,-0.9769939397949742,-0.8968008296962814,-0.9354101517415185,0.9496339890777296,0.7177468756440625,-0.15774056348395063,-1.5105852637206254,1.7057448493379692,-0.6886695096150948,0.27500550142886765,-0.15187650905949598,-0.12642023496291893,0.09084060160727896,1.3096791823008473,-1.052677905197139,0.9382856397473145,0.4205550439840039,0.7058498840517714,-0.20460898389568155,0.343378844424257,-1.3879184987155377
-2.337493981946847,2.097692954107349,0.7775935912883928,-1.0611559804434127,-0.6166323656396304,-0.5100579524757575,-1.3129069426730597,-0.16188985048109708,0.16274379621193977,-0.5761048822316167,1.400763937156402,-0.5750660726069139,-0.34007670805160034,-0.5558615389796806,-0.32944402452056076,-0.22579279210515477,0.9849166495739741,-0.1010137435975548,-0.23133248704291165,-0.7056168503894119,0.5781225549082604,-0.20533201563812048,1.634025205354561,0.255307012737573,1.8504074494155731,0.5319797387403764,-0.589932134568579,0.7329710889267006,-0.14660210953788025,-0.5891573461073878,-0.1286593052714123,-1.2699640957984648,0.40702824026976303,-2.3404621889094535,0.019208516166115738,-0.33163568127509596,0.13407747468480857,2.2772222663722808,-0.2959765667529399,-0.7017223197762692,-0.38489159033993137,2.262216632188128,0.12517111150431826,0.3527875971834567,0.644022519235021,1.42590757460479,0.339433250436158,0.44217222837756,-0.8461624070004208,1.8702210529172096
-0.8025991886082843,-0.25879280114448194,-0.10552391988462502,-0.4830865490610601,-0.8867346120431481,-0.5643570881671567,-0.5894518467898097,-2.2550675550061126,-1.2557591091473255,0.49145700364411393,0.3464869603601204,-0.4898017555518932,-0.4571063848086886,-0.46060575041999846,-0.4666040816709154,1.339277784064909,0.9163127561568981,-0.31599977741900287,-0.9408106347188088,-0.04786293868831674,0.12139509582183955,1.180778335081579,0.09527090256495337,-0.5506783030296137,0.17584780986615148,0.5860880416311469,-0.5120799783632405,1.399856240112146,-0.038255021097892784,2.1427753367249913,-0.8896307408073294,0.10203671029581923,0.6535926069622249,-0.8875439691800052,0.6754981321405763,0.2906367858514844,-0.9396355533431393,0.9228273447520926,-2.591431821542335,-1.0563737244060611,0.3290261778290704,0.602644255608312,1.2128854164984888,-0.2700608502309058,0.7896798923489985,-0.19148158923389963,1.1012337567354067,-2.417010148123432,1.2216466895449831,0.18242453146361007
-0.3389482075325053,-0.9768380617417003,1.5690068832849875,1.7575125483839207,0.7918835103562478,-0.5312528416759518,1.754227802057844,-0.9565227225987996,-0.5112676037895224,0.22731219080679113,-1.2995839590134863,1.0647711779542868,-0.0671345089180952,0.05898412852148693,-1.054822821646447,0.6260011934931189,0.0406909600841882,0.45904601274615564,0.4781491296851436,0.4024459277274881,-1.5612736464164962,1.0720791699200147,-1.7378204971169977,-0.7637452917128382,0.5108757597015186,0.913506528449742,-0.7376283670277518,0.5993697618718754,-0.8039964968768274,-0.6502623464106274,1.011855466629045,0.30680133000789633,0.6056331475781717,-0.89780350508462,-0.3025897407912449,1.849925288380608,0.3052636654966693,-0.11067450576530719,0.08256006717463203,-0.5507927592713014,0.587833321621242,-2.9424213095638447,0.795438929098127,-0.46842682462635343,0.6726837148828997,-1.2691145002302175,-0.2833764906693761,1.1908750803581005,-0.45336299757733944,-0.30054053066633885
1.8731063509427708,-0.11566322940226362,-1.8344583313921963,0.4136721047675262,-0.5092843370982385,0.1294206933735733,-0.1893920947519269,-0.5099927819841947,0.9112706827362491,-0.6594655744086545,0.19152344222763681,-0.05431138965516229,-0.7343964802401944,1.4140539559523961,0.8647848373112922,0.4333336517885121,-0.8923102020894086,-0.031223744921929118,-0.1445910338543407,0.07292405253907937,-0.05634712030229874,-0.21576566393217225,0.20491565806239218,-1.5902840985314943,-0.13937223650721545,0.5095630690094775,-1.1195890278698577,-0.6835810172450901,1.799784593325463,0.009116460634322116,0.12147337897238453,1.1690611917474258,0.14811041437737665,-0.21926882486052118,-0.4135145058952216,0.6057300792455091,-0.7807471575932061,0.45713888595080093,0.43449392173909035,1.280914086527584,0.3203441492226429,-3.405369143021901,0.9352020883772373,1.1505033840009835,2.096097774004029,0.8736025697245754,-0.8126864351522172,1.173780542342584,-0.6092367595106578,1.3878936241985194
-1.2108414252143391,0.3004807018131972,0.33510764298110696,-0.30700897792839754,-0.5436944561031735,0.7164960587360266,0.23142890836359784,0.7270700012282425,0.41842680129947973,1.1658501060296147,0.44573799845001194,1.3043751487464739,-0.7421105852322907,1.0235435421093038,-0.5841562814800366,1.0573404606306283,1.9533267981384608,0.829950604433043,0.7682029674977906,-0.5750162240132626,-0.7855625087156565,-0.336484258776278,0.1359875921576516,-1.1126004710641744,-0.5312956002258103,0.27178319954633684,-2.3139678749219326,-0.39384603739916174,-0.4637749979405519,0.6820767838695372,0.09601225283231976,-1.8945600756558683,-0.2689480813665399,1.413996056104251,-0.5721615198244163,-1.9020543190544599,-1.1521117230205478,-0.8300797306488187,-0.8197468820997028,-0.3114469502264078,-0.09459428091796626,-0.024190808040485786,-1.4198767542536597,0.5308765485064071,0.01835504783104896,-1.0803046911462282,-0.7809286660857893,0.4396572307919351,-0.6341790559259998,1.0362766517860773
-0.8403430666652651,-0.9333418719461557,1.2495184703524866,2.104140545017965,-0.39033801744914975,0.10492923328964053,-1.0802912887936231,1.1469160772290374,0.6614047360832803,-0.9966704649375615,-0.31239418004117797,-0.6544217881685411,0.8411023654064398,-0.19015244552117155,-0.21150949218594664,-1.474085192299712,0.820091179144574,0.3400229023545323,1.4015406678557563,1.4054055962575396,1.3705880074184866,-0.6217565490627733,-1.8294464618077861,0.11865095075041954,0.35450556323030624,0.6125835758243587,-0.8352541879350601,0.6760728284736037,0.1717601033634471,1.511853466189623,-0.635888036527694,-0.5333975700535353,0.8901168533061992,0.9970513198617809,1.136644167835756,0.25948303594971506,-0.4274979570011339,-0.2959802561783345,-1.727497003112524,-0.00807554941337677,0.23964337641415798,1.2061839795264475,-1.1868400018759562,-0.03576381774353407,1.8281101759268097,-1.2016681656926582,0.708326555295074,1.2407795023985462,0.024484170627525476,-0.5312865673676495
-2.5693100971566456,-1.401883112624023,0.1851127745778906,-0.027968393519091642,-0.8714849352230947,0.7153582953676548,0.295046917337102,0.14664872626724676,-0.5558513116829533,-1.0633704564064548,-0.9467349981682821,2.5011669732083748,-1.6430427673749068,-0.0982049922150585,-0.06154239211127369,0.06679677210662335,-1.3454098848310976,1.229839112706776,2.463026396623324,-0.011800772583595716,-0.0004937136177358709,0.1332068509446477,-0.7160376312226914,-1.0011333296799858,0.1692858512898668,-1.7230311846964785,-0.6067150147378518,-0.6742151638373644,1.1927380430197563,-0.6667672480632236,-0.14351965214005394,-1.3572095880073538,-0.1584669698486551,0.005177263867360544,0.5767581934131546,-0.5382252503578324,0.34205265455072376,1.572798176609576,-1.2095212802472795,0.581710543465713,0.9660977943013693,1.8321713656749723,0.06243729369107116,0.38650416316277336,1.3755547080051636,-0.03773182370936574,1.46102191700773,0.7092256748279985,-0.2364644749161069,-0.46173472289776296
0.7921558121887109,1.852374514305726,1.034671228377793,-0.17043292826027143,-0.6034595778079502,0.42252303909710065,-0.9497930889768118,1.1887855629125421,-1.5711563978128786,0.9075020291078882,-2.135466413995906,-0.5179381207151937,-2.2025935666489636,0.11499820281500926,-1.015382883204281,2.416793399239827,-0.8043899214633645,0.8012199156009459,-1.6632020671835464,0.4051359015051742,0.27621117594320777,2.0959482544671406,-0.552844044003072,0.37725107840870115,-0.1472118763469881,-0.7361509459093286,0.09817585759143857,0.06584602545824954,-0.3511686755382018,-2.5415583384946006,0.6713253306882305,-0.26355013252915427,-0.4843707203804778,-2.92965028800889,0.41053606557368044,2.1821434696624267,2.0845796484892256,0.553746162193847,-0.036062962389877336,1.6560272131778109,-0.007658873243134477,1.007930962337542,-0.03293948631450208,-0.5927896482150622,-1.640257145452561,-1.1992676278013088,1.7985360717032683,-0.27590579382268376,-0.42670470314711756,0.9114684847734547
-1.0156568963664159,-0.10233952126106405,1.6044391010130283,0.11136976839424578,2.08404763060141,-2.015785922038144,1.797255536659638,0.9908848219403406,0.172413301623636,-1.3238265883397564,0.41356294333372384,-0.9102397259468773,0.0703147311626372,1.7105578253363452,1.1584698745957995,-1.5506506669649447,1.7435387446615682,0.5727622866418774,-1.872413884236908,-1.4383125431121373,-0.1315834914178214,0.0465264607575627,0.12347684758590724,-0.7935612471416156,-1.1645883924404778,-1.2596196536106843,0.1973807607163917,0.06362656040097847,-0.48574526365877135,-0.4610390180995669,1.3092867364576535,1.068257397209042,1.9835748080817959,0.08250837710609817,0.9691364126343042,0.05146019137680733,0.19718038466735577,-0.8444974578939761,-0.30215489115533867,-0.7438191942812773,-0.5893537581020699,0.2135421670858649,0.12275125765953394,0.016341387801548198,0.2322467935070368,-0.37333118491331635,-0.43168467531582916,0.36584478293595646,0.5953707533208079,1.2357908866677527
2.1728243057412335,-0.07496010371933501,0.05918689541309208,1.114468321704376,-0.6743284309061067,1.0053005317940107,2.85867565232185,0.9350451754454568,-0.30819270938125165,-1.1293119267319873,0.1552758840438578,-0.7009439609299888,0.7835376020425197,-1.8530816691718721,0.690229134080636,0.3021986590284952,-0.9130161425603724,0.9565988034247953,-0.07439760013679159,-0.3160181931691982,-0.05502923639483216,0.8954259503501113,-3.440033213044796,-1.7501507560562304,0.7886822055019135,-0.2694077579106646,-1.6825844346582906,-1.2141590476705098,-0.338603076720257,0.26987511307243034,0.8965361596253044,-0.9412756202926694,0.5302384731854667,-1.2575639326378076,-0.6511220289584929,0.908254237041773,-0.29529915338089435,0.8894660236340742,-0.17831277499593162,-0.41204463726138957,1.042907100158348,0.6471878225993213,-0.3859451991363145,-1.1261650052013723,0.6995029345461127,-0.30554150527699053,0.15856709856303208,-0.5453504590029666,0.16634476252868352,-0.06883693193076637
-1.8036256195471452,0.6563539755907537,-1.0809364550925051,-0.6895205585982719,0.8688999600152442,1.7582304286440953,0.34821798650893393,0.46117563927868505,-1.5697682058057654,0.940580166997894,-1.3814450388067134,0.5810921615833831,0.9564039426030886,1.846682332893287,2.3869098950049548,0.7362790077738129,-0.8466692905410071,-0.5087369225641911,0.23278941518624008,-0.22759135735683556,-1.273310744590991,-1.2146754540896032,-0.658220982026268,-0.1803487185260977,0.22161847460615255,-0.34654697794917066,-0.4581478293931034,-1.0363377537188876,1.73401720829311,0.4567485540998814,-0.1052309204132721,-0.503542116955989,0.6087758988162006,0.18252483915711598,-0.3960618917560794,-0.4234675549604956,0.7658659467726654,0.139734347456844,1.5650743182437996,0.8384338280783658,-0.3301920719993251,0.1853096683204438,0.2731341817803965,1.9449275473706498,0.4523232353274168,0.39696581904866896,-0.7823712091513417,1.4794996175283437,-1.8677956964684101,-0.4375247111527198
-1.4588041519102761,-0.9979704224970629,1.610442263463394,-1.1155847536672336,0.4184539454609594,-1.3711162792030798,-1.000712975935858,-0.2963643062768586,-0.6905959580420323,0.35778180979993063,0.44492416076560803,-0.09928180168414587,-0.4331132846966563,-1.1242068848581699,0.8635539413040106,0.7233075352253926,-1.4472969061855976,0.6897848084744974,0.7266829631731219,-1.0174716966995478,0.3268647324519802,-0.05280925265084762,0.15119348120852705,1.0379760385845846,-1.689094176449304,-0.8834027708098758,-1.0498938094414936,-1.1385993852872738,0.9362147281439592,0.37607936016840976,-0.5147332630154526,-0.9473950826338097,0.2961334073377579,-0.6866980895607082,1.2224045271584207,1.9026773311606624,0.4453413633782013,-0.6406969036929356,0.833350166446376,-1.2324332225554753,0.036966304051828665,1.5673904304272779,-0.5843247399543802,0.5135133143405484,1.3170189539345682,-0.5373149996187918,-0.10329389658579521,-1.1178297532501607,0.49986561202420166,0.25063097133753426
-0.6572889889628057,0.618530173609734,-0.29315681737406435,-0.4392767105497694,0.24043911242633031,-0.016812308663233556,0.8988733446850765,1.5413274947245221,1.345788709530236,-1.9728442884785773,0.8472550430898377,-0.009728256157579409,-1.8442426663754208,1.3054311907106255,0.9935122886166345,-1.8482386979453522,-0.04315290092473252,-1.1501136873522477,-0.4622489864406349,-0.6530375697134044,0.15821028809075127,0.08987693484132042,0.2731474994073261,0.27172168345247844,-1.2599188289384073,1.4576268820081983,1.1228093178331757,0.9599610451981855,0.9902785199685379,0.9944482891482587,-0.5752360861307984,-0.5465808841888516,0.9939564515286764,0.2158646653203093,0.24332249555457022,-0.5550020441863603,0.2583572429411946,-1.2507486713784093,0.4109508024803182,0.29457209803064854,-0.8746638581045914,1.6248257005168532,-0.8757766393232482,0.3045647411189902,0.238576382275843,0.269188795292432,1.0836638790367261,-1.4996175883099918,1.0270961013080204,0.9248088504209065
-3.151345908601598,-0.7136838285131579,0.7181136079396481,-0.9040863468224061,0.3463209213359679,-0.5606791097102513,-0.7135185276491953,1.222422124798888,0.9917233802107903,-0.25602000792302854,0.16467155094669036,0.13134315492319745,-0.1937589078564768,-0.4869089769249019,0.10297398429460694,1.3667276537948676,0.21015316726699718,-1.6478189259866582,0.38546233204875074,-1.3474794454215628,-0.37935195545165457,0.8076168148022972,-0.7690293642460174,-0.09037448301859781,1.5630665174974,0.07260602952571521,1.6503953777990052,0.3524758546050854,0.8114977608007647,0.318223121209131,-0.6959475898271297,0.01015389623724544,-0.4255647860922444,0.5452233943394253,1.516594551623135,0.1651213193749959,0.32761420752322784,1.0405184035032586,0.09501841556330434,-0.3066483366694207,-0.35542630423952826,-0.7234323613959142,1.2185044345373703,0.8152305847290865,-0.6466332536348353,1.9120865818909982,-1.152085421808368,0.09562573392773725,0.9579226995313609,-1.240791133721859
1.1020762438161555,-0.19074599630014086,1.4705542496153485,0.5390719649939778,-0.11031407290787767,1.5686006158286108,-0.8686174361034956,-2.4684771694212846,-0.8006663633776829,0.44087964213085384,0.32829646988821376,-1.167107394061577,-0.2432315511153381,-1.0543603003416768,0.03676552049907915,-0.1494519726219037,-0.5089278338083542,0.44404735165977044,0.5241869583508734,-1.3505279772659378,-0.34229131383350414,-0.7029197946385844,0.9192054538792311,0.4331955992801192,0.19971873552102712,-0.4627755035051646,-0.40247699727474867,1.1157371324811776,1.0364711421186747,-0.4452758043958087,-0.5349741004851973,0.6936580875846724,-0.08166688787293354,0.3700368967617922,1.2696164191429327,-1.3555964015615563,-0.5663950973799488,0.09385579861073191,-0.09988630821916286,-0.3791954735223817,0.22635409773616158,0.24002942760529927,0.5506984799512182,-1.4441476358606984,0.2848642561872421,-0.2638227876978829,0.6984418630263207,0.47827741476141516,-1.8520625434864624,1.7356374928669767
2.5604533134956005,-1.4096521090552365,-1.0631103251117935,-0.11897877179226159,1.0625859909786262,-0.8781106369005687,-0.28059946752547377,-0.1252406578309016,-1.0632406208424452,0.12350418041160986,0.33624438481116964,-0.896247043445164,0.3438605567019106,-1.288654200026012,0.42476396079073825,-0.1754382726188085,-0.3435182147986627,-0.19055766842037902,1.598046419186425,-1.6918837509767233,1.868038587779484,-0.15785692727662057,0.40171123423194127,0.1826732438685602,0.18641777108657895,0.4749442991530712,-0.16072315510187282,-0.7222816027679911,0.06622923170415959,2.710873736586875,0.6850585082801837,1.6964611897432216,-0.9797697713168242,-1.2212990307156288,1.3400750614732455,-0.583563878405416,-1.5312309616376982,-0.17550466769330958,1.069687119004198,-1.6152991631995681,-0.5947592437027459,0.014823955044403913,0.4969983724386169,0.6232205697889274,-1.3350032198931197,-0.10891673542004854,0.6704826309157561,0.7560259903910351,0.4850057055850976,-0.5861588286025406
-0.22761641706167207,-0.18459798972130304,0.6937459965065051,0.09355364687627178,-0.8438504578177821,0.688274702405858,1.0089593144652798,-0.35431546317083157,0.048528226048701176,1.0803426027502867,1.6233502893176308,0.2194292601287178,0.27099497933613576,1.937074768254191,-0.2362103394611822,0.8145634181400493,-1.0589325418505064,-0.6665385608646965,-0.7448197154506326,0.5382361998822369,-1.0414932860509212,0.9919092790296542,-1.1258216497336844,-0.3700755137279327,-1.5881002576450642,0.46833825602830387,0.8356007574648924,1.7101139159670187,-0.37929526143258824,1.3228401617312762,0.8180035027078875,0.06410221873088127,0.7114334645095285,-0.4231264532444252,0.6333669116930245,0.8255130206751594,-1.1001151908154851,-1.4014840802682647,-0.34979892973535526,-0.21784895483225042,1.1061015198174076,-1.5165424258703737,0.37657742727307725,0.060484994070864044,1.7928236273178872,0.13350274859933225,-0.7840090197345781,-0.02953440662045456,2.030676895709817,-0.697235432546718
-0.8350920969652504,1.563349317068411,-0.6523029979507694,-0.7174970706459917,-0.43850881108007855,1.5591035586658295,-0.7416338801631625,1.7414981579392708,-0.17688542437063556,1.3637857494004229,-0.7445706286667363,0.5491179340698862,-1.579503973996585,-1.7019012251550905,0.39986263218891666,0.5192405993488572,0.3475006405054266,0.7530958845721981,-2.2666044161317216,1.123454785091119,0.2918820180582285,1.9552093395806567,-0.09455040856799754,-0.4478160727934912,-0.013650210323982902,0.011163327575436175,-0.1338419613322432,0.9443540261121065,0.9879987819566066,-0.293049207045843,0.5070306125150899,-0.9824917262893689,0.7533142895141713,-0.24844817333273483,0.1513358512610197,0.6965299630694224,1.077479568006234,0.2774628909093283,0.25326002680233256,-1.1258092103040434,-0.368452019041342,0.785364410494672,-0.5776873686328885,-0.5735096687452377,0.8439528110016178,-0.3485991057156085,-0.40584810666556875,-1.4796407759048458,0.41484171534065106,-0.6357315237798437
1.47010134039161,-0.27173618483842826,0.5469121914011813,-1.8795191740400747,0.4855820308220894,-0.4393891902892472,-0.09580118219082734,-1.1608261258334656,-0.6502082441101761,0.3929070533785385,-1.1576365304947842,1.2750149290236843,0.07534149093096143,0.22730222692025712,-0.24251084848883334,-0.9677419727418801,1.3321908950389691,0.17362528678029798,0.8007234585816811,-1.7065972732489734,-0.41619489595188586,-0.8385678394133961,-0.17804473380714422,-0.2668582496010819,2.2352102019573947,-0.6553313569687075,-0.6761348508667199,0.8684739631287104,-0.6888496247523596,0.18469032541212635,-1.8440139806583862,1.4340308904737162,-0.03481931666894733,0.916774794092056,0.005278074861188526,-0.09059347834824517,1.2011465754996953,0.5054471102063274,-1.961940972124518,-1.3750024410055117,-0.6450141026796593,-2.006637727117345,1.3245466737316267,-0.9488130042735468,1.150202963348941,0.6341873813538524,-0.1470380604479751,-0.6654862727042127,0.40380735346074553,0.9778876976762629
0.8437848193126587,-2.167684092448309,1.3181917238741456,-0.6589495222861834,-0.5878402791296851,0.9667675604662516,-1.1211320208603315,1.3804602259277012,1.8533389536144427,1.6151311416229055,-1.165293723607175,-0.6283939642250137,1.5804164230970354,2.286992324045475,-0.3998765264534614,0.39856046241645166,-0.6135794437580524,0.3885771700843177,-0.5637309521411417,1.59919740475896,-1.5050781203064143,0.5755504028791749,0.10887148059743953,-0.07004633760999777,1.0566116628904518,-1.643241986112728,-1.6586587839431932,1.5118556351814265,-0.5763905949679959,0.40966896074219394,0.06291220651669213,0.8693518965791985,-0.9195300418626201,-0.3417989425541256,-0.005381483469979411,-1.6601223948620285,-1.0209061963585395,0.2350372196687505,1.9987922634788502,-0.6692380329420456,1.1115676166442177,0.8698233279417655,2.073912866443997,-1.403848949643679,-0.3383540129239887,1.9979657075984834,-0.33093125907663207,-0.41453373600850046,0.3902273876377176,0.5579074368959176
-0.02075414759204396,0.11564026418288505,1.4192708813787862,-0.634398173469796,-0.23487699250773697,0.0831685824127785,-0.10367721475323038,-0.774283385164591,0.004680534655045821,0.7891088220211958,-0.7725960807354053,-0.5636358321007037,0.3414260622484942,1.4066324754196469,0.11928701486350203,-1.5693144000211876,-1.2167941613077986,-0.8537227347420511,-0.16110429677367302,0.9884745860179739,2.0459819463024234,2.0407600030328834,-1.1074907168400216,-1.2854013708638037,-1.1627329556367354,-1.0271092632819612,1.6797077556511761,0.21859279171788387,1.3447723469244202,-0.7380830350906044,-0.5147040602826273,-1.225953195832964,-0.04705042194178026,0.03631806497752414,-1.0554747286880717,-0.6880151438813226,-0.01434213298135,0.5148117784863244,1.6114828781502077,1.556430464760279,-1.0388332422690278,-0.6563045268522939,1.8847930582503298,0.05440874286510478,-2.5536309860964232,-0.3447116491306413,0.4285142425481731,0.8312517645529758,-0.14693003346991884,-0.019295917362431834
1.4961635437413652,0.39351355888280987,0.9084165411060244,-1.9923246037321067,0.9064264548181786,-1.787459722948725,-0.43740055872822337,0.48613734315548207,0.270413855971527,-2.0465650986059445,0.41447322516805707,0.8237727264147782,-0.6151531770746609,0.8394560401160793,0.41429482626445296,0.014251794260617864,1.2628649486900276,1.1731809916482603,1.24330679927459,1.0916810682136935,0.8353826545480468,-0.6108234986481829,0.35217686358817496,-0.5139354739941434,-0.0727110364199187,1.9708849603916616,-1.6982301250425538,-0.2541991718209425,-0.6693566273545541,0.3299142380822743,-0.8727920929081031,0.05552712020652332,-0.8794738032896753,-0.021419404549803144,0.8144375410043289,0.5906759488261519,-0.5957523167772462,-1.0702370860725943,-1.4129389622363748,-1.2605856295385556,0.402655150600653,0.07487726233004152,-1.3327558267503736,0.7724903182223969,0.9765585110101669,0.9687446113547021,-2.282440662786814,-0.26270779878823386,1.9380152003049487,-1.4688541518167042
1.4140844471350356,1.433593309498972,0.49279106923513044,0.04883627703066094,-0.9877522980309803,-0.5914433457652152,0.39899166470880654,-0.7379375152079695,-1.2633953566270868,1.6492460411534489,-0.7555877968225122,-3.8445735512596153,-0.16411105343691013,-1.2290644959767068,0.3302251787054856,0.6777082706211122,-0.3891848972542412,0.9904569823278657,0.6579679345061991,-0.1383487530593784,0.1832452952119827,-0.10009760729331771,1.7338094955777874,-0.5510917675718738,-0.6053216207279134,0.48803405446532894,-0.9418302983181186,0.25867448125636067,1.1780456959493133,0.12407810990089879,0.4207231511873227,0.6332073511787619,0.027519892740565047,0.3125103671649918,0.5017434968082781,-0.22890644429026,-0.18202869868358595,-0.6867814546697251,-1.700476850912258,-0.7658596339031905,-0.21916300382207746,-0.42999161054085644,-0.6592828143832523,-1.0126138237667361,0.6435046249173172,-0.8268185565588431,-0.000549734960803102,-2.107275832154305,-2.068855352396063,0.5587164206203719
0.49613578211183124,-1.0038411071763926,0.08324723776724245,0.1213942939297092,0.0789056456421543,-0.9685782257222281,-1.0883997513555994,-1.1490142653679827,-0.7440307807379696,0.6812064233952674,0.6251703416369205,-1.9717620997964243,0.45738651148479376,1.876127277038324,1.2377473332533286,0.45835040277954964,1.8824221709303652,1.7169116685041412,-0.7009969941244296,0.5858676955940443,-0.6226752829065171,0.4822081357241723,0.835096902436011,-0.04377802009276715,0.7750961441292782,-0.7752058562965047,1.9906767978558173,-1.1222451997097587,1.182022572842473,-0.4662886223296728,-0.36382305523704217,0.5606293317698152,0.12378475046722434,1.6640141644998165,-0.28901898365872786,-0.1250351615343428,1.7048362465335543,1.0374716260503776,-0.5524526650894079,-1.0231050055686741,0.7998329693694338,-0.010939537673128698,0.06984410649988052,0.21780456619044924,-2.5573279187334927,0.9076965648928165,0.3111249496404479,-0.5721440573489385,-0.7673100971920344,0.19799154930449422
0.18286332225631513,-0.17542759234362232,0.21857209445705042,0.29527533279649826,0.10367580408682331,-1.5852925433903726,-0.2998818040680893,0.1720708126214517,-0.5381976883538663,-0.785395305036328,-0.2397188557823363,-0.48789224511324136,-0.7016305823605264,1.669564350228086,-0.13853525071576311,-0.23266775005817628,-0.6028676203333899,0.3988387379146819,0.8764319985134885,1.2626822535689042,-0.9914153639559969,2.4203740515406977,1.7709049380840545,-0.21502980701821559,0.13573151731930613,-0.7277559387530679,1.2967097895725634,-0.08217867180931518,0.6610002015092143,-0.8493592983260397,-0.1825243442301718,0.27275481735778506,0.6532527118351271,-0.7957645682875141,0.6052385966259126,0.4142930593322743,0.16387282047369925,-0.14225334044387059,-1.3338726849859832,0.37163077694244956,-0.6687166869686617,-1.2502009857874232,0.5302997307624131,0.3742176616087128,-0.9465273586736219,0.5494161035979103,0.27823158195753245,-0.2795090675074979,2.00830512994403,-0.016308253533060358
0.3539269279061005,-2.7786292833603037,0.7204623074047868,0.8335243529771514,-1.6196206466305285,0.42029304213575963,-0.054285016759808936,0.7596028280568721,0.43562215836685386,0.5432647092015761,-0.5490610705553961,-0.16710963845615218,0.23671866298946162,0.5042802293181545,-0.6753394902773125,-0.9638243635398279,1.1613278855946654,0.14208596582334437,-0.03443200283558622,1.670058572719527,1.7881510752539826,-0.2396597234746024,0.8051758601868512,1.696418905232268,-0.04588141207943671,-0.7528303582878271,1.1792358946750068,0.9299931392009517,-1.0862276256236987,1.0181508865104578,-0.1711788614358188,0.9973776623093192,1.6790204106771944,1.3899566622886177,-1.5160446137523902,1.3109160999659448,0.8951205824292366,-1.047839023914064,-1.2021214168013514,-0.5407948043339474,-1.064095900973215,-0.15752206662256607,-0.7718483913021152,0.8394635536258597,0.9497471367757507,0.8336366122756954,-0.6953175734604278,1.8920592391575577,-0.20169557203360672,0.7256906439969861
0.4605516560764517,2.0844865739568896,-0.044294654902110236,-0.7089200017948825,1.117285588707224,0.4986040245359202,-1.037089382667858,0.5243477851546703,0.3102165554137045,1.5034993031544865,-0.46694993958202546,0.6262582653573229,0.27310359850076105,-1.355035171853038,-0.18704337836163304,-0.10124820626647078,0.03618696478798005,0.9366358910064158,0.0472396290183068,-0.9918908629763693,0.200714615157105,0.07337247007288922,0.886215898648719,0.4690109663335381,1.9201529538362492,0.9521373831379124,-0.2477956906197338,1.108897964359402,1.1766033441643773,1.8201829846431994,-0.8350713034052043,-1.7537470246015217,-0.014924943903120944,-0.5514243900284942,-0.7314455970398651,0.35105182159044385,1.273364581532683,-0.45136812593122533,0.7253187884191159,-0.9418937231643711,2.10750701912233,0.4282245344667392,1.0003904670166293,0.6444301501431526,-0.061387932856716954,-1.4758255924230672,0.1565141412222985,0.022638189464286647,0.4505481293586031,-1.9024163538804115
-0.06273148675476542,0.13676833688203952,0.5216516137479585,-1.170925825369604,2.5268635565528825,2.198562265754968,-0.9077373462755216,0.8855911966620352,-0.17875240527708655,1.270222910951747,-0.7598250097589435,0.5771532654098573,-1.0514817868770974,1.1273663827858176,-1.6175844699338864,0.007544502940604241,0.3960771275648405,-0.3494016236394066,0.6453203745077789,0.15948055175826736,-1.8830742437328005,0.5427222939780896,-0.4620607479117193,-0.38425677613959136,0.11971219710278078,-0.782184647830499,-0.0026993052339330274,0.23196586076098208,-0.24349530583657636,0.3655270688517922,-0.519163000820605,-0.9312690406660822,-0.26014433647643326,0.7167354014029977,0.5336431589171117,-0.041136086586954286,-0.22819737510631788,-1.4389371951487009,-0.6765202632418224,-0.09309199841064002,0.9003306600988328,-0.1665282751846216,-1.081258436737578,-1.8928767664561914,0.6571788281896345,-0.16167996548769575,-0.31997233552599186,1.7531284694692684,-0.7301037265133502,0.3975048772254034
1.5933714998202788,-0.010795678389575422,1.2220889449800807,1.220216647557417,-0.4173079707531876,0.24565655643487289,0.08666691276865798,-0.48872468134374464,0.5419612313804347,-1.1799672526269822,0.02245903026318132,-0.017073221557017397,-0.39024235373307986,-0.42217659688530024,-1.7354291029257085,0.7684826941914624,-2.2762635815452392,0.18049408523634308,-0.9016360894016482,-0.8302751184183587,0.07433844604928343,0.7828123857446387,-0.7174122333325622,0.02755907581139947,-0.5056202970068472,-0.9748878758527321,-1.0569147805371284,1.9152451023465122,-0.30304768715851843,-0.6584840295130975,1.5002817117216465,1.2864718850388885,-0.1183790630905496,-0.5979523410423391,-0.4901525833890135,-0.3421449379789532,1.2746296414096037,-1.8996406956395966,0.1863966320971656,-2.458661906318309,0.9295084599805521,-0.2563407448126846,-0.13131645388103222,-1.5668535325038186,1.1901976685097397,-1.779426270746605,-0.11122770884279722,-1.003465043962371,-0.31790919774207155,2.2200433470615115
1.1884120932280864,1.411141844548027,-0.7901915169837856,1.500216936653903,-0.5869243941987247,-0.2675342624989489,-0.47792395106090085,0.9919796232468838,0.8956264826706112,-0.19613839089836818,-1.0417940700555823,-1.4274170775459496,-0.4707317870655034,-0.47476786412043076,0.27234645461356316,-0.29127294520809266,-1.7486603800561897,-1.3576833865762077,0.6426859485553971,0.011377723161391077,0.9059307064419301,0.11296255436235349,0.3287742852834564,-0.6800815600433894,-0.48616132160042663,0.5956497874899703,-0.07894541587730818,2.042055485685124,0.7688166395499053,-0.3513564456893214,-0.08726146679232205,-1.1579841608548036,-0.023417633291771246,-2.0259611378908127,-0.4114570782839866,-0.9809982553913149,-0.591690322525929,-0.7184707311219838,-0.13589409306255693,1.2228229809824043,0.5127898271024283,-0.7023707130600801,-1.8416596118994568,0.046940448322458195,-1.3753311337172254,0.9456202745747317,-1.7853054791699758,-0.32346396797616234,-0.7805296186392802,-2.2569189239628216
0.562265809958074,-1.2348173649588015,2.1930119533516965,-2.0263136218293796,-0.49009952460979717,0.4512522521692092,1.8441330196156633,0.7715594314395212,0.47766354066984545,-0.49318735173783745,-1.371277215231039,-0.2858231274157638,-0.1160806495026641,2.361779980012739,2.2860720443319376,0.05533036524968332,-0.338051462798946,2.292796669774183,0.14948256582266,-0.4922174347633927,-1.435911573957033,0.9925744170486963,0.06931169822988337,-0.339644365175794,1.5319058582934875,-0.46570810123000894,0.28141470379653655,-0.25457460912938634,-0.13655793425633414,1.741399510234963,-0.6479009211829292,0.6943144041596668,0.817306153941,-0.9341122897490561,0.5830049591997815,-0.286218731002179,1.6997430598712384,-0.10591779812672679,-0.3532538083818149,0.36951002261778015,-0.8055387059097486,-1.2123621238904774,0.5568449935098049,-1.945529290171479,2.3880682179356225,-2.5882747111481303,-1.0474868238293682,0.0472320531914583,1.4082820754671614,-1.5001667065590745
0.7196584542612848,1.3103184345314667,0.13402034040501296,-1.0632957156188845,-0.047421095583845614,0.38128321798729975,-0.8012392531121539,-1.1887278065942612,0.7971915010933305,-0.07694717306083887,-0.07351456478699886,-1.9024510094856253,-1.1931760113412302,-1.6438839411992499,0.7396049598401584,0.6304153802652349,-0.7245545970774219,-0.7467963210671955,0.23970553945062426,-0.07399908838000728,-1.0885505299762053,-0.38394912447762874,-0.050236907669592275,0.6317597493908856,0.0216315724114155,-1.029164805804979,-2.3908866835342706,-1.023979614929529,0.015517419963138967,-0.8115660816568777,-0.028571018834483698,0.5839961944498416,-0.28032854668361507,1.3474466869400101,-2.420089892616961,-0.302742119666814,1.2919665410014207,1.5572549835050895,0.5034592194096043,-0.6639771808316839,-1.4091446673126877,-2.6048748012896557,-0.061387239193462,-1.2020146882206495,-0.8887134667094349,0.6088496805662599,-1.1511898572625947,1.2274683092422292,1.3158226293057986,3.0290677307618634
